QueryId,SessionId,Username,QueryTime,Query,AnswerSource
6B19AC3C-AAE6-4B4C-ADA4-E6D1E3994242,35B7DA29-1B03-D065-A5BC-25806162A08E,asraghav,2017-02-14T04:33:35.487,dogs being carnivorous animal,IS
0830533F-C26B-49B0-9C5B-58C047D15008,35B7DA29-1B03-D065-A5BC-25806162A08E,asraghav,2017-06-29T12:41:01.487,what is cat and dogs being carnivorous animal,DB
10DA50E3-5260-4A72-BEEA-7522A2E75387,35B7DA29-1B03-D065-A5BC-25806162A08E,asraghav,2017-07-18T03:53:59.487,what is cat  dog,DB
67F58EA5-B4B3-4072-BEE1-8BDA37FB3FDE,74D0D201-7D52-996A-298A-48FA2AC41E90,asraghav,2017-03-17T12:41:45.487,dog eat green,DB
FFFC03EB-8BD5-43C1-B72B-343701F1CAE1,272DB6B8-F51E-49A1-A40F-8BBCA997513A,ukeshri,2017-07-27T21:40:18.487,dogs being carnivorous animal,IS
8C3512A8-48DE-4660-86F4-DAAAD5F3E2DF,C03156B7-2737-40DF-99F6-0A7CBBD09084,ukeshri,2016-03-24T00:08:38.487,what is cat and dogs being carnivorous animal,DB
B18299AC-4691-4ACF-B65B-ED49E1080070,39A7E99F-EB88-476A-BD8B-C09F54A9A469,ukeshri,2017-05-26T22:49:26.487,what is cat  dog,DB
51103DEE-A9A7-416C-9317-61ED1569FF0A,443F8959-42BB-426E-9C80-124BE196740F,ukeshri,2016-05-24T02:39:50.487,dog eat green,DB
E59465AD-D38B-4B7B-B10B-C55F14DA75C3,DCAE06C1-063C-4AD7-9AA3-51BE0E364355,ukeshri,2017-08-25T00:51:06.487,what is cat,DB
F2F7FA41-832B-4177-BF7A-1CA96441D383,F560DC96-2EAD-49D9-8660-1384B8C223AE,ukeshri,2016-11-30T20:49:11.487,what is dog,DB
AA86C214-F272-4983-9B71-67917B11EE84,06B36980-C519-498E-ADFF-B0F957C737F2,ukeshri,2017-02-10T11:59:16.487,canj dog eat egg,DB
42EC2450-9428-4BA8-AF87-AD609EFC7BCD,D3C29156-6492-4D1C-813B-63BC374E2168,ukeshri,2016-04-04T23:38:24.487,can I eat egg,DB
2D96A4FA-2297-4510-849F-FD96B06550E5,1739DB8C-CEED-43EB-87A2-FC7EFAB2D7D9,ukeshri,2016-06-24T06:26:38.487,what is catfish,OOS
D13127B5-D8FB-4C50-8D20-BB53C9EC5B67,1314612F-52CB-4891-B3CD-A428098A07B6,ukeshri,2017-04-20T21:25:54.487,what is catfish,OOS
C5F47977-E27E-4D6F-839D-1A659E4E0EB8,CAEEA7B5-7881-47A9-93F2-9348C7A2D641,ukeshri,2016-01-31T03:05:46.487,what is catfish,IS
AA56C1C8-5F8E-40D2-A1ED-1C2A9555B3AA,A919BAC8-BDA4-458D-8CD3-B6D421F8BF16,ukeshri,2016-08-22T06:08:38.487,do dogs loves csta,DB
733FCF16-C98B-4D19-90FC-400EE1911325,38285D78-7E78-418D-92C6-5337ABE67BE7,ukeshri,2017-07-13T23:42:42.487,dogs being carnivorous animal,OOS
47D416D9-5352-4500-81B2-484F330EC590,6531AECA-1E4F-48DC-820A-9E18CFD6B0AB,ukeshri,2017-03-08T03:38:09.487,is it possible dog love cat,DB
A71F2752-A2A8-4449-ABE8-39FD98998D64,0D138027-56DE-4CBD-B21C-C92CF4769002,ukeshri,2017-02-05T15:49:40.487,Do cats come out of eggs?,DB
3975A88C-2D52-4CB3-94F0-67E27195E603,3D44C2B0-5B6E-47C6-AC74-0DE0C42E2642,aoberai,2016-12-10T21:51:07.487,dogs being carnivorous animal,IS
0873CCA7-8B79-47A4-892A-8F95FECE66D9,ED3F5E03-0AF9-468F-898B-F2A6DE61D2BA,aoberai,2017-02-16T18:59:45.487,what is cat and dogs being carnivorous animal,DB
337FB57D-3BB8-4357-8150-9C630E12D5E3,D6E0A797-ACB1-4225-A915-34D630FFE0AD,aoberai,2016-02-02T00:06:29.487,what is cat  dog,DB
1D322C44-2880-4F94-8828-C9C452B3B73C,B46E506B-B0FD-42A7-AE9A-2E178114045B,aoberai,2016-10-29T04:44:24.487,dog eat green,DB
6CD40D10-92DF-4B99-A862-22597606C22C,73352D70-C1CB-46FE-88B8-19F724372062,aoberai,2016-05-20T11:32:38.487,dogs being carnivorous animal,IS
A949811A-E93F-4789-B35F-3A33A60E6AF2,26CAA66B-87E3-447B-B996-D7E62B284CB8,aoberai,2016-11-03T19:46:33.487,what is cat and dogs being carnivorous animal,DB
CAF17D33-4072-4D7B-A085-73841D563BD6,F25F345B-B26F-43DE-AD8D-489AD50C580A,aoberai,2016-02-01T08:08:10.487,what is cat  dog,DB
FD9A1FF1-8A00-4567-B722-797D04CAC9A5,F413A3DB-DCF4-4E20-8A84-893D1C660079,aoberai,2016-09-06T17:51:21.487,dog eat green,DB
8855F49B-6E6C-46C1-B291-5230F1939F31,9FFA037C-7A6B-48C7-8A5A-0117C40F778F,aoberai,2017-02-26T15:40:19.487,what is cat,DB
BB84FA07-D6DC-413B-91F4-11F44F1F99C8,B621CE9F-FF79-421B-A7C2-6BF4E509BD67,aoberai,2016-02-05T06:30:58.487,what is dog,DB
2C75D112-EEA9-495C-A40B-5ECED019445C,F3CFED0A-ECC7-4584-BBC1-CE5B5E6D3A09,aoberai,2016-08-21T11:16:04.487,canj dog eat egg,DB
F50734C0-F44D-42E6-9F4D-417399ECB3E0,4319643F-8942-4390-A3C7-5165BE0A549C,aoberai,2016-12-31T07:10:33.487,can I eat egg,DB
03645341-DE50-4DD2-93DE-82D784CCBA24,570177D3-0BC9-4688-91A8-532D9F54E2CD,aoberai,2017-07-09T22:25:40.487,what is catfish,OOS
F3D02A17-B87C-45FA-A191-CB0801E60D69,C8173D24-64C1-4672-A71A-A6933101FD2A,aoberai,2016-07-29T12:57:36.487,what is catfish,OOS
D2356BB5-F618-4923-B0E9-79D2B17F1C33,BCE8DD89-78D4-44C8-898E-F57C848B68E6,aoberai,2016-04-15T23:54:14.487,what is catfish,IS
BC7BA4B2-BED7-4182-AD1D-E68FD887814A,3D9FA377-C959-4A9D-BC40-8D499BB9F45A,aoberai,2016-01-09T05:28:19.487,do dogs loves csta,DB
969E3E1A-ED37-44F9-AAD2-7D4378010E9A,46734099-73AE-4D76-8842-FFEA934FFCC3,aoberai,2017-04-05T09:43:11.487,dogs being carnivorous animal,OOS
5E880688-3940-438B-86F7-62CEC6CC8A6C,A0740315-D0F7-42F5-8B83-88888FF31E7A,aoberai,2016-09-05T20:04:33.487,is it possible dog love cat,DB
0618C82D-77F6-4FA6-8B87-4C8A23E4E8FB,2A5C7FD5-E2E0-462D-9234-AB91A5C6763C,aoberai,2016-12-21T06:08:38.487,Do cats come out of eggs?,DB
CEFA4FF5-A18E-4512-97A3-89CD130F51C4,2ED441E4-34A5-43C7-94ED-9FC928831BCF,aoberai,2016-08-08T06:43:55.487,what is cat,DB
71AA3737-868F-4F84-9088-AC854A8E00A5,90114496-2B89-405C-9B1C-EDBC33AEF0FC,aoberai,2016-01-06T19:23:31.487,what is dog,DB
BCC79934-94AE-4AB7-BD4B-BE88699234E6,092FD76A-6D16-42A6-8426-AA10CA332643,aoberai,2017-05-29T05:59:59.487,canj dog eat egg,DB
F05190D4-10DE-4A0D-BFC7-B9F6E3C088AE,492485C6-2FEF-493F-A4D6-80BA0235E68A,aoberai,2016-04-16T11:31:12.487,can I eat egg,DB
9D64F342-D53F-4F78-ABDD-92F639F90D32,AA13B2C1-45AF-42D9-9190-5F8CF3C0EDA4,aoberai,2017-01-11T05:59:16.487,what is catfish,OOS
ECBFEEAD-8D90-410F-9E96-0F1D9BACF383,14E97ACE-27A6-417B-8271-E5FA0171A26A,aoberai,2016-05-21T23:50:38.487,what is catfish,OOS
C4075D29-D060-4581-9C57-08EC81B11BCB,47DE063A-3D57-464D-9BE3-4DF467C3E8B4,aoberai,2016-01-04T19:28:34.487,what is catfish,IS
256E31C9-AC15-4E7B-919C-F36072728892,B600638A-9783-4368-9DFE-742217843C2D,aoberai,2017-06-24T09:15:50.487,do dogs loves csta,DB
80D0C6E9-44B5-4380-885B-A3AC25A2864B,E8751BCF-AED1-4279-A491-31D6D5D4F1B8,aoberai,2017-03-11T15:51:06.487,dogs being carnivorous animal,OOS
54395902-D63E-4929-89AF-192EBC73085A,7731AAAA-4656-47C1-A5C1-AE64021614DE,aoberai,2016-09-14T18:58:19.487,is it possible dog love cat,DB
D4D04CAB-70B9-434F-B684-F09839854C91,8A07F05E-6959-4E85-8BE5-92D2F112065C,aoberai,2016-06-14T09:46:05.487,Do cats come out of eggs?,DB
0665FDC1-A99E-4AC4-B990-A162600F3B85,5B6128E2-457A-4B1E-B343-E3377A081187,arcsingh,2017-02-11T18:28:47.487,dogs being carnivorous animal,IS
F2740D0A-580E-4A80-96B1-A364046D6A89,711C0135-296E-4083-955A-5E59829E77E0,arcsingh,2017-06-14T14:02:23.487,what is cat and dogs being carnivorous animal,DB
91C72B13-CBF9-4C4C-866A-B2CA5C993D64,5AA14E5A-E9F1-4D5A-99BB-82F2AB290E8B,arcsingh,2017-02-03T21:43:11.487,what is cat  dog,DB
EB7FEA1A-C55C-4E43-8088-55C20BB2CD7B,A23A5F11-1878-45B8-A984-20D4EF8147C2,arcsingh,2016-01-02T19:33:36.487,dog eat green,DB
B4E261F4-DB88-43AE-BA99-6F963C15BCAE,D19C467C-257F-495B-8C3B-F121A10EC161,arcsingh,2016-02-24T23:52:05.487,dogs being carnivorous animal,IS
AC416EE3-8F72-45FE-BBCE-8FC0C12A20A4,05553BB4-20B4-46D7-A622-AE93BA7A4F26,arcsingh,2016-04-09T12:32:24.487,what is cat and dogs being carnivorous animal,DB
5F90311A-D4B8-49C5-BFA4-6F8F32599C03,99C3F8C3-09BC-4509-834C-82A41F4A3923,arcsingh,2017-06-09T13:31:26.487,what is cat  dog,DB
14814241-820C-4860-8E59-CF16B88FC46A,05AFDB88-9706-4EAD-832D-6B8055E9943B,arcsingh,2017-08-24T03:04:18.487,dog eat green,DB
B97452AE-DAC1-48DA-B777-FBB98D575C7D,A627426D-6A20-45C1-A845-7004A7A2762F,arcsingh,2016-05-02T15:12:14.487,what is cat,DB
633AB062-783E-42EE-92E2-1EBD1B487E76,F08FC342-4944-4A84-AAE3-E2AD1D4D5140,arcsingh,2016-08-07T11:51:21.487,what is dog,DB
2E1BF9B9-DF39-470C-B6CB-AF040B737E6F,A8271EAB-DE69-43DD-AC11-56F40E446642,arcsingh,2016-02-04T20:21:07.487,canj dog eat egg,DB
314341DA-15A1-46B6-BEC4-945B922C9FDF,28AE7546-528D-4DB2-B8DA-95BEBF9B7392,arcsingh,2016-02-12T14:12:29.487,can I eat egg,DB
0ADB2B5D-B96D-4A9E-B5FA-910B564B79B2,70C3C7BE-E7A6-410D-B433-2F25E2C2B5F9,arcsingh,2016-10-14T06:05:45.487,what is catfish,OOS
58C4E8C2-FC45-47B2-97FF-7B31C9AC03B6,28B3BE13-CEE7-40D2-ADD5-FA4A9F708600,arcsingh,2017-06-02T18:53:59.487,what is catfish,OOS
5D225F30-CF49-449D-A7BE-5EABB74B518D,256B0FD0-C68E-4DA1-9795-38F7F89FE275,arcsingh,2017-01-03T13:35:02.487,what is catfish,IS
8BAD5948-4E6F-4EEB-9539-65AA5870C9E1,9A0E6214-CE61-4EB8-97A9-32975F96936F,arcsingh,2016-01-16T03:00:00.487,do dogs loves csta,DB
C86435FE-98BD-460B-8354-6DAC19C4B97A,E6B4C8FB-B785-486C-AF6E-13C18B6A634E,arcsingh,2017-07-24T09:27:21.487,dogs being carnivorous animal,OOS
25F9D11C-EE58-46BA-ABCC-D3F955C63839,53DAD289-5097-4A92-8CC2-99C1480FE645,arcsingh,2017-05-31T01:33:35.487,is it possible dog love cat,DB
2BBDB07D-F0AA-4C74-BCBE-A32AEBA6F9F2,ED048672-1F08-48F9-9B52-87DD905831A7,arcsingh,2017-01-02T17:15:21.487,Do cats come out of eggs?,DB
3C993134-0268-4BF4-AD58-8743F5D731A6,909A80BB-D9B3-49AC-A38E-E12D76905F4D,arcsingh,2016-10-19T21:07:55.487,dogs being carnivorous animal,IS
CD3FCB30-3A53-481C-874A-4AF3ECE3001B,EC383577-7F73-4232-9158-93D70AD069DA,arcsingh,2017-01-09T19:08:23.487,what is cat and dogs being carnivorous animal,DB
B877581F-4DAD-4BAF-8440-E34182F0E0C3,4AEFFAF7-CF5D-46A1-9AF2-5DC6E87FF2F0,arcsingh,2016-11-14T20:02:23.487,what is cat  dog,DB
B371A77D-F5D8-4CD7-9908-40F5A256C6C5,FE2FF65C-7720-44B1-9DFF-5C0AC917DB0E,arcsingh,2016-03-13T23:06:43.487,dog eat green,DB
3E84CBDB-4534-4D82-9ADF-EC1B63D6DD71,E45EA7F0-3C6B-4806-BFC4-A0A690F74D26,arcsingh,2017-08-10T13:49:25.487,dogs being carnivorous animal,IS
819A7402-0C42-4771-A215-F27BEC3C9D07,1A967253-ABDB-4E17-A3CF-2EFCF4C7F76B,arcsingh,2016-03-14T22:20:38.487,what is cat and dogs being carnivorous animal,DB
7650FD1B-04F5-4649-9A30-4A194F405807,CD2B7B2A-1AE1-4A59-B966-AD147B23AF55,arcsingh,2017-08-21T14:05:16.487,what is cat  dog,DB
1263E106-7F07-4D46-98CD-0F7D781FFF51,2B169473-0488-45EB-AFA2-4CA08A691B8A,arcsingh,2016-02-12T15:39:36.487,dog eat green,DB
5F43D017-8B3F-43D4-89FA-C7B113E60A4C,8B4BFBEA-93C1-4B0E-9391-F1460AA68466,arcsingh,2016-02-08T05:39:50.487,what is cat,DB
B17FA64A-04DF-4AE7-B601-0EB906AC63D4,10F1624E-D106-4E33-B5C7-81A27045F30C,arcsingh,2017-05-10T19:08:23.487,what is dog,DB
D483EBF4-8D91-4377-B27A-D0236E3B2C3F,52A1A584-2DA3-406D-9E7C-5FCB62102641,arcsingh,2017-08-20T13:24:13.487,canj dog eat egg,DB
C6D5A5C1-BBEB-452F-A129-989CD95F66A6,EE6BD1C5-2A20-40DF-950C-AD94036C8F40,arcsingh,2016-12-09T06:38:52.487,can I eat egg,DB
2162DD1B-912A-4190-A18E-B710A7333F64,3BAE35D4-8FAC-4FD1-8BDB-C2E2C201AECD,arcsingh,2017-06-22T07:53:45.487,what is catfish,OOS
A4E004C8-EAB3-4E2A-B0AB-891482460D6A,5C9079DD-52BC-457F-91B6-562E1FCF55C9,arcsingh,2016-06-02T13:10:33.487,what is catfish,OOS
D872283F-8A9E-414E-97A7-0DC758B7A542,35B7DA29-1B03-D065-A5BC-25806162A08E,asraghav,2016-05-29T08:59:17.487,what is cat,DB
4B397E9A-0C6C-489A-8856-598479850061,35B7DA29-1B03-D065-A5BC-25806162A08E,asraghav,2017-07-16T03:59:01.487,what is dog,DB
73974926-C645-455C-AFB9-359E2BD60517,74D0D201-7D52-996A-298A-48FA2AC41E90,asraghav,2017-05-29T00:11:30.487,canj dog eat egg,DB
5C0666AB-C254-4064-AC00-61BF0C76E8B1,74D0D201-7D52-996A-298A-48FA2AC41E90,asraghav,2016-11-03T08:09:35.487,can I eat egg,DB
EDC9F3E0-D990-43DD-B104-5651C0060BD0,B08445D9-E2EE-D442-97C4-70B9BFBE41B1,asraghav,2017-02-03T01:23:31.487,what is catfish,OOS
2395ABB1-23C8-4600-8D71-910B64DEC657,6A3A1861-CB30-3CD5-1FE1-EB8746ADE3BD,asraghav,2016-09-11T22:43:40.487,what is catfish,OOS
8FCCB9C5-7E98-45B2-AD2E-638C5391CA55,6A3A1861-CB30-3CD5-1FE1-EB8746ADE3BD,asraghav,2016-12-09T19:42:57.487,what is catfish,IS
ADEC64C9-A41E-4F0A-9870-470DFA63A06B,6A3A1861-CB30-3CD5-1FE1-EB8746ADE3BD,asraghav,2016-04-28T15:22:19.487,do dogs loves csta,DB
2E1A9978-85C3-4ADA-974C-2A4AF71889CD,84E051A4-8834-4952-A42B-369B5EB75DBC,arcsingh,2016-02-07T15:08:38.487,what is catfish,IS
3963757A-72DD-45C8-987C-77351646F1D4,C4FB0D32-6E1C-4328-87ED-3D12FEBB2214,arcsingh,2017-05-10T00:15:50.487,do dogs loves csta,DB
CE4CE006-C445-4685-B8C8-98064CFCEE54,6ECD1A69-199F-40B4-9627-3C15697E7805,arcsingh,2017-01-30T23:20:23.487,dogs being carnivorous animal,OOS
00E086F9-285F-410D-B3BE-946526F94728,DB862D6D-EA31-40D7-B9EF-F38CDAF138CD,arcsingh,2016-08-27T09:33:50.487,is it possible dog love cat,DB
A8C1FD38-1C89-4C07-A605-A5363EFEE21E,AADD1653-1B51-4DBC-B3A3-2211B5242F1B,arcsingh,2016-08-01T17:54:57.487,Do cats come out of eggs?,DB
F8A99BBA-BC97-4A1E-9EEB-D7EC68EA6084,A7067450-BC45-464A-ACB0-6B7E933AC2E2,arcsingh,2016-07-27T17:24:00.487,what is cat,DB
828DA219-CBB7-47A1-9DDF-E190427CCC3D,E22D39CB-5B92-4F4E-A234-F56905A0431A,arcsingh,2016-07-05T09:36:43.487,what is dog,DB
2BD97D35-33D3-4EEC-B61C-968DCC6C3F2B,2ABC656C-61B8-40E7-B89C-09B88A4EB1BC,arcsingh,2016-09-08T09:03:36.487,canj dog eat egg,DB
17A0A370-792F-410C-8D29-99F22FF56154,2D405E9B-3726-4302-A870-06962E95EDC7,arcsingh,2016-12-11T13:49:26.487,can I eat egg,DB
515A75B7-A4F1-496A-8B52-E40C3E9C5AB5,043EFBA0-FB85-4FB1-B10D-77D78A1477BD,arcsingh,2016-02-19T11:44:10.487,what is catfish,OOS
CE15A58F-10A3-4B53-88EE-0B18333EE08E,4235EE6A-3318-4375-91DC-0CEEC6A605F4,arcsingh,2017-05-12T10:20:38.487,what is catfish,OOS
09DE9C20-DBFD-47DF-889C-A126CF6F91F8,109703C9-16F8-4DAA-8ED2-B8CB7814CB66,arcsingh,2016-12-31T04:16:19.487,what is catfish,IS
4684E390-5640-4145-B99E-72D954CA2AB9,51E92B08-C7C6-40F8-B5AD-388659D8E84A,arcsingh,2016-03-19T11:14:38.487,do dogs loves csta,DB
0C12A730-ABCB-46C5-B59A-0102742BF837,E481438F-3343-45D0-96AE-F06CCF59AAAE,arcsingh,2016-08-20T13:29:16.487,dogs being carnivorous animal,OOS
358EAE3B-DBD0-4037-924C-71CCA74D9B3A,E1854B26-BF7E-4C3D-A197-83F083D6B768,arcsingh,2016-07-14T07:03:21.487,is it possible dog love cat,DB
3E3A615E-2C42-431E-BC08-787C8D0B51E6,FFF1A8D3-0F0A-4192-8971-DE783EB28167,arcsingh,2016-12-06T13:18:28.487,Do cats come out of eggs?,DB
7D274AFE-08B4-4C42-AFAF-68A5631B514C,AF851434-415B-4B66-9B6A-0E650CB4B50B,arcsingh,2017-01-08T14:05:59.487,what is cat,DB
1C5C34DF-E46E-407B-81EC-995BBA8F115F,DAB72E6A-9DD0-4891-A2BC-39BDB626289B,arcsingh,2016-12-19T04:46:33.487,what is dog,DB
3FDCCE10-2760-4E7B-ACC5-5AC9EA29BBBD,75014044-F3CF-4007-9ECD-D20FDFDB5D22,arcsingh,2016-07-13T12:10:48.487,canj dog eat egg,DB
A1A01F5B-243A-46D6-BC17-4B9A1835AFB5,F3B69931-B1CE-452A-8752-83F768772F48,arcsingh,2016-04-21T00:25:12.487,can I eat egg,DB
22C1782C-4825-425A-83FF-522A5D193F2D,765CC8ED-DE66-44CB-9169-7767D834A28B,arcsingh,2017-05-03T04:11:16.487,what is catfish,OOS
CD5D77AC-9E1A-4E5D-BD4F-08E90E378593,C14F80B9-048D-4639-93C3-440303DC74C7,arcsingh,2017-05-22T22:59:30.487,what is catfish,OOS
D80C9392-278F-4E60-A996-5F20C8F6070D,A1329E60-5442-468E-850E-5908959F2177,arcsingh,2016-07-09T23:57:50.487,what is catfish,IS
542DAA8E-93F3-4447-BE83-982102F63A0C,357AEE1C-770A-4D2D-B0B1-D38A771256AC,arcsingh,2017-06-29T21:23:45.487,do dogs loves csta,DB
D0C99C4F-3259-4126-8DA1-C15B1DB05578,7FC4B3EE-1BD3-4143-986C-B7B687B49A6C,arcsingh,2017-06-19T05:50:38.487,dogs being carnivorous animal,OOS
2A3E1ECA-65E2-4981-A687-5B7D6175A003,49D96C61-8504-4278-A667-8A8591BC1783,arcsingh,2016-08-20T23:39:07.487,is it possible dog love cat,DB
8441D47C-D439-4DF6-A66F-0E1E32C7AE3A,C1D67D2F-DC2F-4A77-ABAF-4B0A20F32811,arcsingh,2016-04-03T12:47:31.487,Do cats come out of eggs?,DB
52CF42AD-648C-4822-ACD3-88E2615AE423,0D0BEFD0-013E-4BC0-BA6A-31D81094F42F,ayojha,2017-04-03T12:42:28.487,dogs being carnivorous animal,IS
5CF6B3E4-9758-46BE-B7B3-571F46EC0300,8A0D716E-1068-4C0A-A5D6-718E5F2A0D7E,ayojha,2017-05-19T04:58:04.487,what is cat and dogs being carnivorous animal,DB
122488C0-F61E-485D-9E36-FB9620773262,2464E85C-5BF1-489F-8CCA-FFCFB45A9B27,ayojha,2017-04-27T23:18:57.487,what is cat  dog,DB
F0B69720-D9E4-4CBF-AF20-E437C61D7586,EAB3C783-4D7B-425D-ADCD-DD4F0F22E03D,ayojha,2017-07-13T19:21:21.487,dog eat green,DB
D83114B2-C5B3-4AD2-A0AF-484DDAEB24DB,A7D036A5-906C-4ABC-9A8E-AE45F5934E55,ayojha,2016-04-27T08:52:48.487,dogs being carnivorous animal,IS
D4A2EB12-8E5B-4C8B-870F-4898B1ADD9FD,844BA0A1-A055-4945-ADB9-A506DD26F20D,ayojha,2017-04-16T01:16:18.487,what is cat and dogs being carnivorous animal,DB
158244AC-FADB-4B5D-8FEA-082721841FD2,BB3144F6-58BC-4BF9-A9AC-2C7C8BE16476,ayojha,2016-11-15T13:27:50.487,what is cat  dog,DB
1599EF3B-657F-4DA3-BC6E-BA9CEE1764BA,D564AA3D-91B1-B6B8-F24F-835794EC4BAE,ukeshri,2016-06-09T12:09:21.487,dogs being carnivorous animal,OOS
D2D334E3-F1A5-48DF-9C47-98B71BB97DFA,74D0D201-7D52-996A-298A-48FA2AC41E90,asraghav,2016-06-18T18:18:43.487,is it possible dog love cat,DB
1CBFAE3E-53C2-4F22-BF28-E2DBF52DEF5D,74D0D201-7D52-996A-298A-48FA2AC41E90,asraghav,2016-10-18T08:49:55.487,Do cats come out of eggs?,DB
00CA99C6-ED10-4F37-A607-DB7CC074DB15,9BAD6CE8-C8EF-4194-B2EB-4DD6233CA9FB,ayojha,2017-08-23T15:27:21.487,dog eat green,DB
182C1ABE-C0A4-43A3-9F96-D327E14E7B13,08DF9CC7-2E28-44F8-8032-5FF67B348426,ayojha,2017-01-31T18:12:57.487,what is cat,DB
7CFF652E-111E-41AE-8B71-CFEE568C52CD,FD679855-8383-4788-A8CC-EB157E03DA9B,ayojha,2017-01-03T04:52:19.487,what is dog,DB
0C831888-6B9B-454B-A2C1-6A869E71A040,4F3D7E9B-96FA-42C3-ACC0-CE4A59408951,ayojha,2016-04-17T19:27:50.487,canj dog eat egg,DB
703CB285-1926-40DE-9FCF-D1955629E99C,4CE29470-995A-47DE-A322-25959628BB0D,ayojha,2016-09-28T15:28:48.487,can I eat egg,DB
9078E262-AAAA-41D8-9E97-F8D7E7A2A6BC,597333EF-F446-467B-A9AF-E743367AD8B7,ayojha,2017-05-18T15:53:59.487,what is catfish,OOS
FC237FE1-572D-4A46-9B11-43E73A650FD0,EE32ACD7-43AA-4FE9-AE91-720E71B3FFD7,ayojha,2016-06-20T03:42:29.487,what is catfish,OOS
04AD4940-0328-48A8-AC31-E503B5EDE6EA,C6FC2296-BA16-4745-A6E0-14B49D638B5C,ayojha,2017-01-14T16:45:07.487,what is catfish,IS
04658C76-AE5A-4F1A-A2B4-EBC612886708,4B0A905F-778B-4686-97F6-E2A4422E0DB5,ayojha,2017-06-13T16:15:35.487,do dogs loves csta,DB
6DF18501-3257-4E6A-92DB-DE5684069363,DB6F5FAC-4800-42BB-9DBF-FC17E3FD5F24,ayojha,2016-05-10T06:09:21.487,dogs being carnivorous animal,OOS
EE003D27-B70D-4E3F-A827-CF96EAA492AA,E278CD1E-200A-4FDF-B6E9-5718908D6ACF,ayojha,2016-03-13T17:18:14.487,is it possible dog love cat,DB
5BB89035-090D-4711-A9E1-4230DFFA7CEF,DC5399D2-5950-44BF-85DD-0ED4810FDC19,ayojha,2017-01-27T02:24:43.487,Do cats come out of eggs?,DB
C5F9D9DC-5F0B-4FCA-86B6-B2BC6647B6D1,FD8CA0CE-153C-427E-9119-491D6076FAD3,ayojha,2016-05-27T22:08:24.487,dogs being carnivorous animal,IS
6EF7C7DF-7F05-40F4-B035-65A6F1FFE796,F405B8FB-7ADF-4BCA-891A-DB8F01329768,ayojha,2017-02-27T23:36:57.487,what is cat and dogs being carnivorous animal,DB
2E744B83-9571-4D40-BC9C-A56AA02CE94E,127DCEF3-1F96-4203-BD22-511832378486,ayojha,2017-06-22T16:36:28.487,what is cat  dog,DB
FB7B2A8F-DC9D-4572-B216-943B78E4C6FD,2B68E35D-F2A5-4098-BE26-003826BDDD39,ayojha,2016-03-29T22:26:24.487,dog eat green,DB
778F926A-D6B3-4547-B945-3970FBF9F9B6,BA814202-68FD-462C-B057-596B6FBDA28E,ayojha,2017-05-04T00:30:57.487,dogs being carnivorous animal,IS
7E8D6BEE-9847-48A7-81DC-D5EA209CD99D,A2563A59-48AD-4D82-99B2-E476FDE4EE78,ayojha,2016-11-21T13:12:43.487,what is cat and dogs being carnivorous animal,DB
9C9DCEAC-7BEA-4C8B-9D6B-00799C5C1F38,00BB312F-D6A6-465D-B2D0-FD0615E514D5,ayojha,2016-05-11T02:29:02.487,what is cat  dog,DB
031167FC-DA55-4356-A1C0-7A1280F75622,DF33F1E4-E1DA-4830-80FA-6F1E235EE6CF,ayojha,2016-10-14T06:05:45.487,dog eat green,DB
2A14477F-2FB6-4506-8643-719CCAB5A49E,65A48525-9A63-4B2F-9319-D62CE840573D,ayojha,2016-08-16T15:06:28.487,what is cat,DB
C00AAC98-52FD-4EA1-97E3-0EEA4F8A1553,E273A4B9-BCB9-41E8-A261-785D2A46032D,ayojha,2016-04-09T18:20:53.487,what is dog,DB
00FC387D-8C62-4675-BBCC-2AE8A7DA7797,9AB1D66A-39AD-4BB4-81C6-B65EB23650CC,ayojha,2017-04-09T02:17:30.487,canj dog eat egg,DB
1832B590-204F-468F-808E-0093255340E2,412B72EC-120D-4306-85F3-C056D83E4B8B,ayojha,2016-06-12T06:56:53.487,can I eat egg,DB
EC699440-FD80-43C2-8F77-D1CB42F98836,C034A7CB-707E-4CF2-819D-A9DFCFE5BEAB,ayojha,2017-04-09T06:38:52.487,what is catfish,OOS
81DC3A55-71DF-4B50-B1B3-59D47ABF9BF2,E57EF8DE-9CF7-4018-9843-CF25627E16F7,ayojha,2016-10-03T21:48:14.487,what is catfish,OOS
84EACFB1-844E-4859-911E-8D52453DCBDD,3E64D58F-E3DA-4BDC-9BBA-EE645B7AEBB1,ayojha,2017-05-19T16:35:02.487,what is catfish,IS
F89C685C-2536-497F-9B1A-554184C22E8D,DE6D345A-FA32-4907-B2C6-84EA38C00E8F,ayojha,2017-07-18T19:52:18.487,do dogs loves csta,DB
31998E0D-7FD8-4B6B-AFB0-7E11568316E6,408D1FDD-78DC-4272-AEEF-E801CC94DFF8,ayojha,2017-06-04T17:21:50.487,dogs being carnivorous animal,OOS
C79F0A27-1189-43E8-9578-6EBDB697F598,14B54566-E67A-469E-8502-7E9B68B47A20,ayojha,2016-01-18T23:14:38.487,is it possible dog love cat,DB
EBA1B6CD-1804-4CF4-BA63-741A79BA9273,F2DB60B7-7D79-4C29-B7B8-9A422CB850C0,ayojha,2017-05-26T19:55:11.487,Do cats come out of eggs?,DB
AC9016DC-0582-4DD4-9F15-C701B68E5428,B6B9C417-EC87-47D1-B2F0-07CC62528A19,ayojha,2016-12-12T21:46:04.487,what is cat,DB
C41A07BE-8FB4-4FA8-A927-8D8425347688,60B862AB-03F1-49BF-9BCA-720CFEA277F5,ayojha,2016-08-20T09:07:55.487,what is dog,DB
C08C20AE-F73D-4A59-BDC2-71EAC0AA2C3F,55E1E72B-6DD0-466E-BCA0-299F97AA1684,ayojha,2016-06-21T23:16:05.487,canj dog eat egg,DB
FBD07EAB-A587-4289-B2BB-693D66466F0B,1FCB3D4B-58E9-4BD7-B7FE-F7B53E3286EE,ayojha,2017-02-16T18:59:45.487,can I eat egg,DB
A64211D2-DC11-475A-816D-5EA396C11D61,DBF59E82-EDBF-4522-834D-019787C62519,ayojha,2017-08-03T00:19:25.487,what is catfish,OOS
B2FA0B55-DB19-4AC1-978F-F298BCD4769C,2F0680A4-4BFA-4C96-BAE9-AF5D92344BFA,ayojha,2016-03-01T20:42:43.487,what is catfish,OOS
D0B4D9C2-FC93-4832-AED0-780268C2547B,6FF00DA1-2209-45ED-A19F-4B411F9B4599,ayojha,2017-03-14T19:21:21.487,what is catfish,IS
CBDBC779-3BA7-46D0-9C47-9A97886D7CDA,0A851C8A-7BC9-4EAD-9814-3C6E0B2CA08F,ayojha,2016-03-30T05:42:00.487,do dogs loves csta,DB
20CB4EF4-A3E0-4A75-8021-1EAF56097801,5EDC160B-2799-4273-9E29-3ED2D071CA8E,ayojha,2017-01-27T15:28:47.487,dogs being carnivorous animal,OOS
6573BEF7-96B1-4399-B5AF-5B9E74671778,0A08B563-DF0F-44D6-A2DA-3D0662A5FB27,ayojha,2016-07-22T19:47:16.487,is it possible dog love cat,DB
4BC782BF-1864-4CDF-92D4-91F4F121BE92,EF7739F1-9300-4965-B29B-566D4A7EFE3F,ayojha,2016-09-10T03:10:04.487,Do cats come out of eggs?,DB
09948DE1-B5C5-44D9-9240-025E36E5F20C,8D24FE78-052A-4C14-86B7-39B92A6DC06B,ayojha,2017-01-05T04:47:16.487,dogs being carnivorous animal,IS
52F87452-31C2-43AA-B770-96B7F1F65AAB,441FE7FB-1FA7-4A49-8B1C-E6F208CE96B1,ayojha,2016-07-31T02:42:43.487,what is cat and dogs being carnivorous animal,DB
2D46F37D-9D84-448E-8E06-D7E23C5EB6B3,23768CB5-871E-4694-BA8A-DA27C0E2586D,ayojha,2016-05-24T22:59:31.487,what is cat  dog,DB
736EB521-DE80-469F-B310-27DB4AFFDD0D,75D0B2CA-EB56-47A7-9F92-A12C92E49BE1,ayojha,2016-05-30T11:07:26.487,dog eat green,DB
AEAFF260-9F03-412D-A67F-1E03A44A31CD,BBE4D472-81D0-45BC-9354-B9BB8EDDB07B,ayojha,2017-08-09T13:08:23.487,dogs being carnivorous animal,IS
E94F7869-4EE3-471C-B8CF-D42D18FB72AA,4625F4E1-07DC-496E-AD00-7EFB8FD8EE62,ayojha,2017-07-08T07:13:25.487,what is cat and dogs being carnivorous animal,DB
C3DB3F10-AD4D-4D92-81F7-8C3AC54A95BA,E4D8E7FE-691A-444E-B954-223B4D2BC17C,ayojha,2017-02-23T23:47:02.487,what is cat  dog,DB
9F5D408E-7882-4E66-B3E4-779230156233,8C044FC1-970E-465F-B1E9-3B7B2C259F25,ayojha,2016-01-01T21:46:48.487,dog eat green,DB
9A75D0F9-6211-44C6-9AA7-BACB06ED4E01,0A292AA5-0676-4315-A905-4CD00985DEED,ayojha,2017-04-15T09:17:59.487,what is cat,DB
C8BC2A40-B884-4CC3-B447-6AF5C0C77BF5,6E03DE26-4816-405A-936F-453DDD4C92E7,ayojha,2017-01-30T17:31:55.487,what is dog,DB
524D4F4C-B99F-45C2-8AC9-E323117196E6,2B47E661-1953-4184-965D-695814C9E5A7,ayojha,2016-04-19T00:30:14.487,canj dog eat egg,DB
81FB067C-70BC-4F11-A684-2EC55ECFB71E,BCE6A57F-179D-4463-8D26-6AC59C5184EE,ayojha,2016-02-04T18:54:00.487,can I eat egg,DB
1DFACBE0-13BB-41AE-9680-74DE62783D0F,C1699B72-A196-4322-A02D-EF7BB5252122,ayojha,2016-04-29T16:03:21.487,what is catfish,OOS
9AA9A728-6EEB-4E42-B4CC-57671AB486A5,70674890-1EB5-4751-B44D-755C1E97324B,ayojha,2017-05-04T22:17:45.487,what is catfish,OOS
4D87B6AE-8FEE-47E6-8911-A161ECCED3DB,CFA0C8E3-3E5F-44EF-8BE6-66317E0F6F31,ayojha,2016-03-12T23:52:48.487,what is catfish,IS
CDFB77DF-3D45-43B5-A6B5-4EDE19DA645F,13E38006-C7D3-43EE-8826-744E681F1786,ayojha,2017-08-20T03:14:23.487,do dogs loves csta,DB
2FFF5344-AAD1-4A62-B5ED-A86CD05606FB,FB567EF9-1D00-47A0-A5BF-15BD51BC3D48,ayojha,2016-11-15T09:06:28.487,dogs being carnivorous animal,OOS
112DE90D-EAAB-4F06-817C-6990D478E30E,5C0D0500-F862-419E-81D2-F28BFBD974BF,ayojha,2016-05-07T14:16:05.487,is it possible dog love cat,DB
B437A00B-43EB-4B55-B3DD-BED3FDEBEB87,FF7A7A27-3CA8-4C8F-96A3-A51E0F6B663E,ayojha,2017-05-20T23:04:33.487,Do cats come out of eggs?,DB
93C0A1B7-46F9-40F6-9296-3BEC27D82B66,15B3D8A1-ED35-4E6E-9A04-E5C6785D3558,ayojha,2016-03-10T02:11:02.487,dogs being carnivorous animal,IS
63913FD4-B9E3-49E2-954A-A74CBE9D31D8,297CF05D-BAD2-43D2-9741-90DBB213B861,ayojha,2017-01-17T15:53:59.487,what is cat and dogs being carnivorous animal,DB
29F12F29-C1E1-4FB5-B997-7854F57FB274,E023FADA-7AAE-49A5-9D7B-32CC1258BA32,ayojha,2017-07-22T22:36:28.487,what is cat  dog,DB
AF0A6ACE-8AA1-42C6-818D-F2F091234E87,1496F8EA-5C89-49F2-9079-D0F2BCE22B1E,ayojha,2017-01-08T02:29:02.487,dog eat green,DB
EB2C4E6C-0B6C-4C64-A1D6-308F7A170666,88CE8831-089C-42C3-BE61-8A6FD9346BAE,ayojha,2016-06-20T18:13:41.487,dogs being carnivorous animal,IS
1C0E5A83-6479-4438-8B54-6E2AFCC0174F,48036CAC-F7DC-46E1-B1BF-4324B7F057BA,ayojha,2016-07-28T16:37:55.487,what is cat and dogs being carnivorous animal,DB
52259FF7-A900-4202-A568-37A4B0C27247,57784BE7-1D9D-4676-B39F-AD9062036F38,ayojha,2017-08-04T21:20:09.487,what is cat  dog,DB
431A1C60-06F3-478E-8951-A839EBC28917,4DC3F5C5-A034-4DA1-8B72-26D84B015613,ayojha,2016-02-26T23:47:02.487,dog eat green,DB
F4F1D2AC-3B80-4246-BAA0-D6874794E7F2,6ED5406B-1DA0-4E34-B078-E946C34D3E0C,ayojha,2016-08-25T06:44:38.487,what is cat,DB
3F095958-82AD-4099-BD21-AB146E805347,0C2708CB-375C-4A74-B72C-20FEB124FA7A,ayojha,2016-04-23T00:20:09.487,what is dog,DB
20B5F0E1-8BEE-4C55-A081-C97B19C01260,DC991FE5-C3BB-4ABA-9939-2A676F1C7652,ayojha,2016-08-24T08:57:50.487,canj dog eat egg,DB
733147E5-3A15-4C00-8C2A-4C7DBA2C9FA8,73B33E86-DE70-4018-9255-7E2E19A52954,ayojha,2017-06-21T18:49:40.487,can I eat egg,DB
8A6EF0CC-5A18-442B-A43F-D7211219FB04,0A47880D-8ED4-4C6E-850B-E10617F58A69,ayojha,2017-03-20T08:56:23.487,what is catfish,OOS
A90A4A0B-0610-45FC-97FC-9C5F551E7E39,D2241758-70E7-4B90-9B21-904160502803,ayojha,2016-10-23T19:30:43.487,what is catfish,OOS
BE27A50D-DDB8-4040-B3BA-D2468D9A9AB7,E449EA49-13E8-4664-8B92-B9B95D5B6A8E,ayojha,2016-04-06T23:33:21.487,what is cat,DB
1AF91B6C-A015-4D3A-AA79-5C1A01676432,9B1228FD-AFCE-4799-8787-F4C1CCF7A305,ayojha,2016-02-23T07:12:43.487,what is dog,DB
EC4AB091-932C-45F5-AB15-E9C5163E5EF2,7E8DEC2C-0DC3-4E41-877A-FC6C0A47A5F1,ayojha,2017-06-27T22:55:54.487,canj dog eat egg,DB
978AD1BB-87F6-46FA-95B5-FCAA05E9D88D,8C11553C-7AAF-4B1A-9316-027073018B6A,ayojha,2016-03-28T23:12:29.487,can I eat egg,DB
7A543784-2DDB-41EC-875B-7CDA8587AB01,7870E6F2-2FF2-4E6D-AB2F-DFDDD1529B50,ayojha,2017-05-20T01:17:45.487,what is catfish,OOS
9E3F4934-C900-4E82-9E00-91678A3B2AA3,87375B22-A621-46D1-8716-4AEC54EC878C,ayojha,2016-01-11T17:00:14.487,what is catfish,OOS
564E47AA-F4AF-4938-A49F-94D103B7E681,CF3DA419-CE35-416C-B0D0-477429D399AA,ayojha,2016-06-16T00:58:19.487,what is catfish,IS
E4A6EE11-4B43-42F1-ABC3-5AC91B5CD1F6,6A2D3C2B-4A35-4D1B-9339-5A2989AF0CFE,ayojha,2016-01-23T23:45:36.487,do dogs loves csta,DB
9797BA83-745C-4D78-9EEA-2925C18F4C84,FD0B1681-C7DD-4F5B-A2C7-9A57731062A0,ayojha,2016-03-19T14:08:53.487,what is catfish,IS
FE8A0725-69E2-40F0-89AB-206087EDCA7B,2EA56C88-07FA-4788-A8EB-E0C7AA8B101C,ayojha,2017-02-09T22:55:11.487,do dogs loves csta,DB
9AFC0CCE-DB0E-4F4B-BB6E-6727ACAF59F0,3ECF8BAB-2058-4DA9-9EF5-7A7B977136DA,ayojha,2017-07-25T01:25:40.487,dogs being carnivorous animal,OOS
BBA6E918-BC61-4527-8AF7-3EE3CCFA3F9C,05767F2E-FA77-449E-A14C-B9A88D952AFD,ayojha,2017-04-20T01:06:14.487,is it possible dog love cat,DB
BA1052F9-6430-41A9-B143-54FD2C8A849D,10054F83-96D7-42F5-B9C8-5B935E866C8C,ayojha,2016-10-04T13:46:33.487,Do cats come out of eggs?,DB
CBE260DD-0B0C-4FE2-89CE-45BE9A0E71AE,E2AA9A4E-4A90-41F0-A05B-60F475437703,ayojha,2017-07-14T04:04:04.487,what is cat,DB
CE22331D-CE33-4C1A-A7D4-2E6AFCEC6E72,06048B75-A0EB-4E7A-8FEB-51CCA3B4A5A1,ayojha,2017-05-13T08:07:26.487,what is dog,DB
161ED901-E6F9-43D5-8136-551B4F1587FD,C9EC2B78-F2C0-4557-B13A-1D78E2F84287,ayojha,2016-04-13T06:33:50.487,canj dog eat egg,DB
A2F85269-8EB2-45EE-A76A-358C8AB3F75D,5874F941-DDF0-4822-B724-B56400E59030,ayojha,2017-06-11T22:09:06.487,can I eat egg,DB
58347400-A021-4894-952D-24F509779AC7,9C362A9A-5782-4A52-B63D-257CCF377A92,ayojha,2016-07-19T13:22:48.487,what is catfish,OOS
23CA7604-3CC6-4A8A-BC18-FC2C011698D5,E3F1C55C-BD09-4254-B71A-E8E32C649170,ayojha,2016-10-29T09:05:45.487,what is catfish,OOS
5824FB28-FC35-4F5F-8808-282FD4BC5192,A5AE83D0-4364-4587-A993-215D29538B7D,ayojha,2017-06-19T05:50:38.487,what is catfish,IS
75EB552A-D36D-40A4-9A04-CC4FECF13888,72A991A5-9E87-4F5D-A7D6-30D3D9A230F8,ayojha,2016-01-03T04:16:19.487,do dogs loves csta,DB
22ACB054-28DA-4AFD-887A-7394C2EC385D,C58B8953-F3E7-4C96-B89C-D8341AAF2B91,ayojha,2016-01-26T04:01:55.487,dogs being carnivorous animal,OOS
407DDDB9-3C36-4A51-AB0C-490CB53EE8E7,E1C9EFA6-1654-4A05-A477-D3C83FF0CFE5,ayojha,2016-11-06T13:06:57.487,is it possible dog love cat,DB
5D31CA9E-F39A-4B43-9090-6F098D1FF6B3,31231A5E-CE49-46C7-BB8E-01A727057D36,ayojha,2016-04-04T00:24:29.487,Do cats come out of eggs?,DB
F2274B7F-FC04-422F-B436-6305622608AA,AECE9D81-DB34-4FBA-A1F9-FC3DDC750EBF,ayojha,2016-03-03T09:00:43.487,what is cat,DB
3D929FAF-3350-4BE9-AD63-1A46E8CC642C,10ADFE83-AD81-4095-91E3-FDAD6BE03EB1,ayojha,2016-11-15T20:43:26.487,what is dog,DB
25B2C884-D8B9-4F28-A4E1-B51AD61E9D98,32001DF3-4269-4363-AB9D-9DD096D2C7E6,ayojha,2016-07-01T18:29:31.487,canj dog eat egg,DB
240E9D94-DE43-40DE-A0C4-06B63DC6E071,ACA039A2-626F-487F-985B-103F04471E43,ayojha,2017-01-24T09:04:19.487,can I eat egg,DB
67C219B2-5200-4D17-A547-80D2B30BFD6B,06B2680B-5D11-4154-977F-A1AF51747CF0,ayojha,2017-01-11T14:41:59.487,what is catfish,OOS
EEA54671-D694-4FC1-9916-5E033BD5BCEA,601FB6CF-21E9-4EA9-AFE1-EA20CD71637F,ayojha,2016-11-12T05:36:14.487,what is catfish,OOS
A3E01401-6F63-4681-BDD0-BB6595B73843,B32D31A3-F009-4BC1-B751-C25E2AF0E4A1,ayojha,2016-01-15T02:18:58.487,what is catfish,IS
8427BEE2-8DEC-42C7-B6FC-F1D936CA70BE,9805095B-CB37-4A4A-BF9E-61E73BD2660E,ayojha,2016-12-10T21:51:07.487,do dogs loves csta,DB
FD643CBC-B9AE-416A-BB6B-0874D19A3ACE,E4C6E349-68F3-459B-A0C9-81F4430F4ABF,ayojha,2017-01-12T18:17:16.487,dogs being carnivorous animal,OOS
D2665B58-C0EB-4655-AF7A-D6E84B34A527,CBBD33AA-6A48-4C4F-B706-012442EE9C8D,ayojha,2017-03-11T18:45:21.487,is it possible dog love cat,DB
26B891B1-5857-4BFD-80AE-BA175B2C1D15,743CF53D-C524-424D-B644-287967D627E8,ayojha,2017-02-27T01:50:09.487,Do cats come out of eggs?,DB
0C792E8F-4BD3-41E2-A928-0720EFE384BC,EFB216C9-FA6E-44FD-95B4-2A53424501DB,ayojha,2017-07-26T15:10:47.487,dogs being carnivorous animal,OOS
5F4EF3DD-3154-4BB1-8B0B-C420BC3F8479,602030E3-A8F6-4A99-9475-D81BC2D39AE0,ayojha,2016-12-17T22:17:02.487,is it possible dog love cat,DB
A9DC114B-ED0A-4579-8087-8F4B4437CDB2,0B5B36BF-8F28-4F03-AC39-8022326DBBE5,ayojha,2016-05-13T18:22:19.487,Do cats come out of eggs?,DB
1DF80313-D1DF-4E57-B7AE-C1CA8EDB508C,9DEEFE7C-9948-4D1A-92BC-B1E9EB45E372,ritsharma,2017-07-01T21:18:42.487,dogs being carnivorous animal,IS
66E50944-9092-475A-B838-AE92A2EB7DC9,FAD687C1-90D5-416A-AE03-99A3A863E571,ritsharma,2016-07-30T02:01:40.487,what is cat and dogs being carnivorous animal,DB
55C08A02-7FE4-4433-A0BF-391C3CFF322C,77B03C48-1231-47BC-A2F0-7C17CDE08BFD,ritsharma,2016-03-20T11:55:41.487,what is cat  dog,DB
3836059D-2CA7-4D41-AC6C-132258DE5558,21D3F2B2-A5B9-4E98-832B-9F51DC53C9C8,ritsharma,2016-06-13T17:47:45.487,dog eat green,DB
80892D2D-1C27-4091-884A-CD0898DE03C2,694E9C39-0ACA-46A0-BCBE-62AB7055196C,ritsharma,2017-07-16T08:20:23.487,dogs being carnivorous animal,IS
D89F7093-50D1-4FAC-B29F-C4FDA4A35516,BA59C931-F259-441E-92E1-814CBC2E5B05,ritsharma,2016-02-09T23:46:19.487,what is cat and dogs being carnivorous animal,DB
03C61D18-4E51-4EBD-982B-32E01FEEDC07,820C2A41-CD9A-4CE1-BB66-0D6CC02FA3CF,ritsharma,2017-06-25T04:08:23.487,what is cat  dog,DB
E7EED1C1-8E75-4CB3-A537-DE9E47952114,DD94AB37-59D6-4912-AB51-73487DB41836,ritsharma,2016-08-09T04:30:43.487,dog eat green,DB
083AFEFE-8FE8-4C19-AC6D-97ACCB97F4CA,E8522247-9F24-4E55-81BA-A2707F53F4AB,ritsharma,2016-01-06T15:02:10.487,what is cat,DB
F6B67EF2-854A-4AD3-B805-CC9F0A8B91A1,1A24F7EA-E140-431C-B2F4-AED7EF9369C4,ritsharma,2016-03-27T13:48:43.487,what is dog,DB
FC349636-454F-42D4-AAEF-6C318D513461,7A232B06-FD61-4619-A2B1-AC9DDFAD10FD,ritsharma,2016-06-30T19:15:36.487,canj dog eat egg,DB
7752DD36-BF5A-4CF6-859F-271E19DFF077,79A3C571-CE5B-4BE9-BD92-7FE1CE90648C,ritsharma,2017-03-03T04:34:18.487,can I eat egg,DB
459D913D-9FF2-40C3-9815-B61ADC2E6C47,A3081CFE-D013-491E-8F93-171A075FADF6,ritsharma,2016-07-21T03:07:55.487,what is catfish,OOS
A4945273-B7BF-4E5C-A894-0AEE3C16C00E,719D15AD-7AB7-49DA-AE15-8147B1D13589,ritsharma,2016-11-14T15:41:02.487,what is catfish,OOS
936054EA-FB48-46C3-836A-4FB76C4F057E,D4C71AED-AE0D-4323-A8BC-2976730DC22C,ritsharma,2017-03-18T04:40:04.487,what is catfish,IS
19CE08F6-4F1F-4EE8-B0D5-DB277786E8D3,4A8A3685-C10C-46B9-A1CF-0A2E8A392C15,ritsharma,2017-03-13T21:34:33.487,do dogs loves csta,DB
34EE5AE6-F43A-4C59-906A-FB2DE70B3736,806772F6-A5A3-46A3-AE4D-D38C944F8768,ritsharma,2016-04-07T11:10:19.487,dogs being carnivorous animal,OOS
64D4F7AB-DAD4-4B93-9C29-3BF7984490DB,691CCD81-2843-481A-9146-F40568ACBA2E,ritsharma,2016-05-11T06:50:24.487,is it possible dog love cat,DB
281C8F4D-18FD-4528-B10D-2BF16BBF6977,A487A22A-EB2C-4EC6-88C0-4CB0B959FEF1,ritsharma,2017-04-27T11:41:59.487,Do cats come out of eggs?,DB
3D65B68B-4563-402B-A4A4-2B6D8E4F2790,39F478CA-4086-4F88-9508-642D9F8EE8F4,ritsharma,2016-04-24T21:20:53.487,dogs being carnivorous animal,IS
B6355E3E-FF31-4AD7-A190-C22D79DA9D81,233C239C-811C-42FD-81AF-F613E56D0514,ritsharma,2016-05-23T20:51:21.487,what is cat and dogs being carnivorous animal,DB
E7FB107D-0A15-4B23-A1A4-82199964A175,94710556-5763-45C7-B683-2FE2ABA72200,ritsharma,2016-05-04T15:07:12.487,what is cat  dog,DB
DDB90F0D-244C-4F20-9EBA-2A4C1FB5E95C,170E86C1-19E8-492C-928A-00164E94A9D6,ritsharma,2016-11-15T14:54:57.487,dog eat green,DB
EE361088-A6FA-4E90-B982-7DED4681AA62,9E6124F3-49BE-4783-8BE0-0865BF39FE4A,ritsharma,2017-03-12T12:10:47.487,dogs being carnivorous animal,IS
65D196EB-BE89-4BD5-85D0-212646DC5CB3,DBB891BB-6662-41EF-893C-6AD024067CC1,ritsharma,2016-06-17T21:59:02.487,what is cat and dogs being carnivorous animal,DB
5AACAE26-D8C2-4746-9305-8DC8A2A81295,951E640C-A04A-463F-AE25-08F1EA706BF9,ritsharma,2016-03-21T19:52:19.487,what is cat  dog,DB
5FDBB31E-97B4-48C8-BFE7-CC69DC84E70B,E1C2027C-22C4-42B6-8301-E369C48ECE6D,ritsharma,2017-03-12T10:43:40.487,dog eat green,DB
7D82DBF7-9C89-4F79-9A2A-02E12749EE0E,C703EBF9-A995-4137-A7B5-4D315CA47F85,ritsharma,2017-08-02T05:26:52.487,what is cat,DB
94A37B60-CD9E-4C0B-99E7-93BFB33D6C5A,B3D4CFF0-F29D-4475-9C39-E39D89371321,ritsharma,2017-06-08T05:34:47.487,what is dog,DB
137A0F9F-2205-482F-A74E-D4849370987F,CDA8CB16-319D-4354-A898-68FB5E6C5DDF,ritsharma,2017-07-08T23:11:45.487,canj dog eat egg,DB
5F485EFE-F9FF-411E-97DE-94E9512CCC96,D02EE14F-4C45-409C-987A-583540ED523B,ritsharma,2017-07-19T03:07:54.487,can I eat egg,DB
EDC70E49-7A0F-40E1-9E7A-8DA385BE01B2,10B997A5-878C-43CC-B240-5B2E0280D542,ritsharma,2016-12-11T21:05:02.487,what is catfish,OOS
E549D794-0FCF-46F1-A168-9A084B69E723,03C8FEBB-6422-4CB1-8D1A-58A7094FCACA,ritsharma,2017-02-22T07:07:40.487,what is catfish,OOS
0C4F0296-2444-475C-8635-672F96551A5B,32B6A463-E252-402E-9CEC-F24CDBD9DF0A,ritsharma,2016-01-21T04:58:05.487,what is catfish,IS
596F6A9B-3FF0-4D05-81EF-83EA9571CFE2,4FA4E96D-42C5-43F3-B06A-89982092245F,ritsharma,2017-02-09T20:00:57.487,do dogs loves csta,DB
560E0D26-D79E-46AB-ACF6-B925C45666E5,BAD846EB-4DF5-4737-ACF9-9BA01FA95E7A,ritsharma,2016-08-15T02:48:28.487,dogs being carnivorous animal,OOS
11894B79-C4D1-43DD-8B15-5EED0CF8D304,1A8E4A4E-0D2A-4B49-8E72-7B8CC294334D,ritsharma,2017-07-28T22:21:21.487,is it possible dog love cat,DB
28E45789-C06A-4C9E-9381-0165433460D0,9D672B79-F1F0-4A2B-B4C6-98A00010A8C3,ritsharma,2016-05-29T01:43:41.487,Do cats come out of eggs?,DB
683A7A99-2660-4DFE-B501-DBB84EDE4C13,1690C16D-2928-4024-8258-DDADCEB26072,ritsharma,2016-08-24T22:01:55.487,what is cat,DB
6054E418-E7EE-4E43-872C-6B78034F82D6,38548864-2B8D-413B-B183-D83E280DB12E,ritsharma,2016-03-12T13:42:57.487,what is dog,DB
BC310B4F-920A-46C5-A532-C5B1E33CEC8C,B0A5B9EB-ED46-4F5C-9BA1-611D288BBEB3,ritsharma,2017-06-08T20:05:59.487,canj dog eat egg,DB
B398EDB3-5A5E-4F41-A61C-39162DA18514,671F6B6C-A9DF-4174-B84C-422D9D8FBBD7,ritsharma,2017-06-25T07:02:38.487,can I eat egg,DB
5096796B-312A-4E3D-BA0F-F06AC8DDF7A6,D9D4999D-EB6E-444A-8710-79A5E8086C7F,ritsharma,2016-01-30T09:40:19.487,what is catfish,OOS
8AC11E2A-A60C-418C-9CFA-6EAFCA8FBFD2,1B16A7FD-6A19-4ACC-A9A6-5119E4BCEC5D,ritsharma,2016-03-13T10:02:38.487,what is catfish,OOS
F0D277C4-5459-460B-BD90-B22C9D1936CD,42CC0296-B58C-4D21-B743-4632F9604FFC,ritsharma,2016-07-08T20:22:33.487,what is catfish,IS
9EED75E6-911D-4F10-85C3-FFD4BCD00704,F04C19AC-BB80-42AE-8D28-A216491F8E6A,ritsharma,2016-02-05T03:36:43.487,do dogs loves csta,DB
CBC4A72C-760D-4A2B-A8A0-E3D8FC49271C,F451A084-A07F-48D0-9DFB-61CBA8B1D080,ritsharma,2017-08-16T22:17:01.487,dogs being carnivorous animal,OOS
6FD127A2-6051-4BD9-B8C7-73498B7779D2,6AA7E856-12A5-42B4-B236-5EAA4DF77C9D,ritsharma,2017-01-28T16:09:50.487,is it possible dog love cat,DB
AD375BEE-D926-43D5-9A3F-6A50EF1AE09C,2194CB67-5F3C-425E-966C-BD59F42A016B,ritsharma,2016-08-12T16:43:40.487,Do cats come out of eggs?,DB
C63D4561-8BAF-4428-ACA8-EBED7F09844F,F8C403EC-9252-4099-9B0D-8A1075C439D6,ritsharma,2016-12-20T11:16:04.487,dogs being carnivorous animal,IS
34093736-8BDC-49F3-91FC-4EFEA018DF95,AA1781A4-E0C5-41DB-93A4-20DD188A734D,ritsharma,2017-05-23T07:42:14.487,what is cat and dogs being carnivorous animal,DB
CAEA7BB2-365C-4CC8-A9EB-5FA6D7A10757,6E3CAF31-9126-4757-B4DC-7FF6368D7B4A,ritsharma,2016-11-23T11:40:33.487,what is cat  dog,DB
F4785C27-0577-426F-886D-CAE6D9724C2E,9B0919E5-2DF7-4F1B-9D4B-08E706AE8691,ritsharma,2016-06-17T20:31:55.487,dog eat green,DB
6F4843BC-861A-412C-8A77-63A62156FE07,39C6FD45-ABD3-4156-A887-124B7A863869,ritsharma,2016-09-18T12:59:45.487,dogs being carnivorous animal,IS
0834C6A3-A239-4A6C-9EB8-AE55EAB05044,556EBEBB-D12E-4CD4-97AF-EEE62B5E38D5,ritsharma,2017-01-31T06:35:59.487,what is cat and dogs being carnivorous animal,DB
8AA79491-15C0-4443-B8BF-0740E7384346,7180A6CB-F1D1-44A9-AB54-0EB687C7EBF7,ritsharma,2016-03-03T00:18:00.487,what is cat  dog,DB
6CB5A3BA-E214-4FED-8247-F73736D090A9,5C975F1E-D083-4E3D-A13E-5D50D6973713,ritsharma,2016-08-25T14:00:14.487,dog eat green,DB
6482DB48-30BA-4D2C-A353-19EE7EAB67CB,9ABA0F6D-943A-4927-98C6-08DF20BF757F,ritsharma,2016-10-26T15:45:21.487,what is cat,DB
0418E8B8-B31A-4B1B-A7B7-C3D6BBBC3626,A07F8526-C166-49D1-9696-5AE18480208F,ritsharma,2016-04-05T02:32:38.487,what is dog,DB
0626BED3-8D04-4B7C-943F-073E424C64D8,1317D178-830F-49AC-8F4D-50C2B62534F3,ritsharma,2016-11-17T19:11:16.487,canj dog eat egg,DB
989A8EC8-1AE7-48B0-86F1-648680E954AA,A3C250AC-1D0C-46CF-B03F-BB8B7D8BA1F1,ritsharma,2016-12-11T02:12:28.487,can I eat egg,DB
201A6FEF-EA63-441F-B61F-6AB816E8AE07,82B7088A-8CCE-4DFD-A408-4015F18649E6,ritsharma,2016-04-20T02:38:24.487,what is catfish,OOS
0B625AC5-099A-4408-A8EB-C7AF0D26A242,293BA966-3DCF-457A-8665-A41EBA87A01E,ritsharma,2017-06-26T00:28:04.487,what is catfish,OOS
50E38C90-D89A-420A-9696-198A1F265E56,A876E20D-ED8A-4EFB-A80D-4B6A85AE8EFE,ritsharma,2016-01-14T17:36:14.487,what is catfish,IS
5B94E771-869F-441A-986B-B0325E9D0227,10AC2B6E-790E-4D3C-9D7C-297027169504,ritsharma,2016-02-22T06:31:41.487,do dogs loves csta,DB
E946FAB7-F041-4100-AB8A-839038DF8517,4F535507-CA32-4C5F-B7E4-95B94CCBD894,ritsharma,2016-01-06T04:52:19.487,dogs being carnivorous animal,OOS
472344B0-2387-41A2-B054-575A66914F93,3B4D24CD-8677-40E0-A9F7-8278E44CAE6C,ritsharma,2017-04-24T18:21:35.487,is it possible dog love cat,DB
05B3B52E-B8DC-4939-A065-200F1EA3BBCF,2099E203-B014-4234-8D93-0E0591707059,ritsharma,2016-01-05T12:54:00.487,Do cats come out of eggs?,DB
B05267A4-EA8E-430E-A13A-0BE35FFDF72C,F8B66319-BBA8-47C9-BB5E-91F180B35DF5,ritsharma,2016-08-22T03:14:24.487,dogs being carnivorous animal,IS
E3805DCB-C6A7-42F3-A12B-7C7D9A2A77B1,BC39423D-E8D1-4C07-9B36-2F0000D603C3,ritsharma,2017-04-27T18:57:35.487,what is cat and dogs being carnivorous animal,DB
F18C60C5-5946-4AF7-9BDE-1B1E51D7D659,135F4EA2-C8DA-4EFD-9AF4-5A83157FB0C0,ritsharma,2016-04-21T00:25:12.487,what is cat  dog,DB
671A4B72-183D-41BD-8157-A69D0DDB1F15,DA7A9F9C-DA86-4EA6-8D52-828277CC422E,ritsharma,2017-03-31T16:27:50.487,dog eat green,DB
ED0910F2-7A09-4598-9A16-48C447D36E03,8593EA49-E577-4833-ABAE-ACE64C0CC3BA,ritsharma,2016-05-17T16:45:07.487,dogs being carnivorous animal,IS
0C0338EE-136F-4AD9-A0CB-40E2F08C3D78,0DC3E24A-6BA6-4B87-BF98-7B69CA5149F0,ritsharma,2016-09-28T00:57:36.487,what is cat and dogs being carnivorous animal,DB
265EA78F-0D97-4EBA-A89D-7670F580DC1A,2BEEF43F-8249-4C0A-A503-20D730FCA1A9,ritsharma,2017-05-05T01:11:59.487,what is cat  dog,DB
0578A64A-0B1F-4617-8A96-97BC085E70FA,D4437D00-D97D-4343-B870-F552F9959973,ritsharma,2016-12-19T07:40:47.487,dog eat green,DB
921F8655-3228-4150-BBA3-547B2A97BFA9,8C3F6DB5-4314-4519-A347-86429EFC4602,ritsharma,2016-07-17T16:22:04.487,what is cat,DB
572755D8-C498-46BB-95D0-1309FFAA3B0F,5225E775-05F0-4F0C-A079-D320F0A0CD7E,ritsharma,2016-12-10T16:02:38.487,what is dog,DB
36518A8B-5EFF-43BA-A477-A32E15C64B5F,C1E3BCF7-0E3F-45A1-9995-36757532B006,ritsharma,2016-03-29T20:59:17.487,canj dog eat egg,DB
A803B18F-6407-45F6-B551-B0D07CB39E52,071A96E4-3809-4FF4-A724-A214FF4161BB,ritsharma,2016-04-17T06:23:45.487,can I eat egg,DB
085B0200-82CD-4D05-B3D1-C41E0CB0D14D,59B43F02-39A2-4718-806B-76B748CEA168,ritsharma,2016-02-19T07:22:48.487,what is catfish,OOS
EA857448-16D9-4E59-89F4-4067D884AF30,473BA591-6DD4-4E27-8DBA-CC5DE58FD499,ritsharma,2016-03-08T08:04:33.487,what is catfish,OOS
66AA596F-BD62-4A89-9EBE-E1B91034F32C,6F6A1E43-3CE4-48AE-8E50-6193A1AB0BA6,ritsharma,2017-08-04T02:27:35.487,what is cat,DB
FDB86ACD-024C-492E-BC83-F58D48D7AAA7,0B54FF0C-5906-4FE8-BDF4-FF628BAE4E6B,ritsharma,2016-09-11T08:12:28.487,what is dog,DB
36F0ED15-F87D-44B2-9D90-FA1883D4D58C,06E73F4C-E1E7-4E37-9FD7-75A8CB4526F2,ritsharma,2017-05-21T07:47:16.487,canj dog eat egg,DB
87E5BA5D-A8CD-4CAC-9828-90AD5D4A5915,C468F406-7DDE-476D-8200-3795D68500F1,ritsharma,2016-07-03T06:47:31.487,can I eat egg,DB
D5B66C2A-194B-4FA7-90A7-3391C58AAD4C,C3EC5378-8F83-4549-A209-8BCAE833B808,ritsharma,2017-07-31T01:10:33.487,what is catfish,OOS
6513133C-4F48-4A57-BCFC-40814CF97EFF,6ADE516E-5F83-4B9C-848E-B546D79241C6,ritsharma,2016-09-20T11:27:36.487,what is catfish,OOS
0CE0C3FD-4599-4AB9-BE37-90F2E1CAC9F2,78D8174E-F5ED-4EAE-8532-8F9C5C271EF0,ritsharma,2017-01-18T18:02:09.487,what is catfish,IS
100BD09E-3DF3-4601-91E9-5DFD1965909F,6D74058F-8283-4532-9016-EF05C011EA39,ritsharma,2017-01-04T18:37:26.487,do dogs loves csta,DB
C81E378C-1F5E-4E48-9D5E-BE5156C7E3C1,C7E74460-CAF8-4392-89FC-110D2ACAED21,ritsharma,2016-03-27T10:54:29.487,what is catfish,IS
4123E87A-5C55-47B5-938C-7BAC20A486D0,0FFD1C00-9154-43B6-9635-116365080AE3,ritsharma,2016-10-06T18:02:52.487,do dogs loves csta,DB
A3B2D48C-3E7B-43D4-9399-D996F52BFCE7,D274F712-1040-4FC8-A19F-FC2B98FDE1AF,ritsharma,2017-07-19T07:29:16.487,dogs being carnivorous animal,OOS
2AC5D071-BD78-49CE-BFE4-7289EA9DAB5B,AC9EC746-B2C9-40BA-AF30-EBB6912B94CE,ritsharma,2016-09-08T09:03:36.487,is it possible dog love cat,DB
70421153-5A10-4C1A-BAD3-67455997667E,CC565C99-91C8-436D-8ADA-3AE484F3624F,ritsharma,2016-05-19T18:07:12.487,Do cats come out of eggs?,DB
12E57E63-76D9-42A5-BB34-FA33FE6E6315,0F2B8ECF-347E-4391-BEA8-D59EA91AC36D,ritsharma,2017-05-11T15:28:04.487,what is cat,DB
282D52E9-A448-4D5C-B8F3-BA65CA967CE5,2ADCEA51-72B1-428A-86FD-D9503EB23229,ritsharma,2016-03-07T16:06:14.487,what is dog,DB
E4B2B178-3A94-4C3A-BF6E-7D5195DED92C,7CDD087E-2F8D-46C4-B471-1C4C6BD4DA5F,ritsharma,2016-10-31T10:27:50.487,canj dog eat egg,DB
448EF15A-9EEC-4A4D-8605-2C679772BE03,4F82B125-7611-4FDF-A30E-A853F478B415,ritsharma,2017-03-25T23:58:33.487,can I eat egg,DB
76817095-0C3A-450A-9B4E-EEBEAA763DFD,9453A23D-4AA3-4A18-B015-C4709FFAAAE7,ritsharma,2017-04-11T10:55:11.487,what is catfish,OOS
2D6D536B-8BEE-4C46-B782-1BD12E06C154,80660921-FD28-49AE-86C1-CA510B93AAF4,ritsharma,2016-12-11T21:05:02.487,what is catfish,OOS
8DC5A71D-FF2C-4ADB-A2C5-1E67CE8B7BB0,BD5FB922-A544-4260-BCDC-A72D1C9D6D8F,ritsharma,2016-12-13T03:34:33.487,what is catfish,IS
47EA85FE-05BE-40D6-BB85-0C20AF6219E8,F14DCD28-B9A2-4CDB-9F30-8F98695EAC6D,ritsharma,2016-04-19T09:12:57.487,do dogs loves csta,DB
D06D909B-356A-41CE-BEEB-CEA48FFD3EA9,98720A76-CA51-4FC2-99CE-AFC43078E0F5,ritsharma,2016-12-09T03:44:38.487,dogs being carnivorous animal,OOS
7E2D95BB-FEED-4F7E-9885-57C2CA6AAE4E,DDE92796-7DCD-47FE-9842-748E37FF4FB1,ritsharma,2016-07-19T11:55:40.487,is it possible dog love cat,DB
38C48D47-2178-4C8D-B37F-8527B418B870,6E6895EE-6ECB-4C7B-9AB1-1836CF5858CC,ritsharma,2017-01-22T09:09:21.487,Do cats come out of eggs?,DB
C9DF50F8-7760-4DD7-B629-19742252BBEA,8AA895B8-F8C3-401F-B10F-553457ABDF95,ritsharma,2016-01-17T10:56:38.487,what is cat,DB
2A6FCD81-AFAE-46EB-AA82-5E94230C4A3D,518B3B2A-1ADB-4A2C-B9AA-8026F687579A,ritsharma,2017-05-31T23:20:23.487,what is dog,DB
EE260588-4A26-4F60-8580-F4202A32D343,21ED82BF-415D-4DB0-80AE-72EC26CE234A,ritsharma,2016-04-17T00:35:17.487,canj dog eat egg,DB
22E05DE2-6751-4259-9766-0C37DF0830CA,46F6621D-C2DA-43E7-AB4D-DB627BAA3E61,ritsharma,2016-02-07T23:51:22.487,can I eat egg,DB
D4F67360-CB36-4A6B-8EA9-39423E748DEB,2AC45240-6E9D-4E1B-A134-9C1B2D7EBD1A,ritsharma,2016-02-20T16:46:34.487,what is catfish,OOS
0321F840-19EB-46E4-9A8F-C686544D17A9,230696C0-A9FB-4CB5-8734-58BEE3ED9BC7,ritsharma,2016-03-08T13:53:02.487,what is catfish,OOS
6CE73A2F-640C-4CD1-A64B-942803538796,F9ED7532-E8E1-45F9-BEC4-2A0450A53695,ritsharma,2016-02-09T16:30:43.487,what is catfish,IS
F3A16B9C-848E-4464-8AA4-1D6116CB7DEF,06BF0459-C2A6-43C5-AD61-EE88925FA809,ritsharma,2016-04-13T06:33:50.487,do dogs loves csta,DB
619319A9-669F-4448-A5BF-FA80E2762D5D,61BC9A1B-94BA-40B6-852F-A6071C6B6813,ritsharma,2017-04-23T08:57:50.487,dogs being carnivorous animal,OOS
44725EED-5B48-4A59-B768-12879D96B96C,4A66D00F-7FAF-4D5F-A17A-A160F0FD1315,ritsharma,2016-09-30T11:02:24.487,is it possible dog love cat,DB
73090FFE-1C75-4848-ABAD-49190443E376,C88A8CF4-37EC-404E-96F2-EF077B6224FC,ritsharma,2017-08-13T18:46:47.487,Do cats come out of eggs?,DB
F2891B0C-7543-452C-934F-49D26AA4AE89,4D3D94B6-1402-43EC-9A8F-66267EACE830,ritsharma,2017-01-23T02:34:47.487,dogs being carnivorous animal,IS
5E68B7CD-C4C9-4D65-9D8E-ED0E47F82182,3B7F406D-294C-45FD-81B3-8EDD0E60123F,ritsharma,2016-11-26T06:28:04.487,what is cat and dogs being carnivorous animal,DB
93396787-2736-46D0-AA0B-3D4852B5A440,E8A26DB7-375D-4F2C-9F75-201F2654B2E4,ritsharma,2017-05-26T15:33:50.487,what is cat  dog,DB
0543D91E-FBA4-40CB-A684-037F4AAC807C,D3C0B1B4-6279-4684-BA6B-3A8CB6F0C763,ritsharma,2016-06-16T09:41:02.487,dog eat green,DB
EB0D8BCB-B780-46B2-8B42-013415DC6CF1,F67020E3-FBB4-46BD-8935-8049A69462B7,ritsharma,2016-05-25T09:09:21.487,dogs being carnivorous animal,IS
A9268729-EC49-4A60-9A46-72EA7738234A,2ED4A31C-60D3-4C96-9B17-A0D78FD71EBE,ritsharma,2016-09-10T10:25:40.487,what is cat and dogs being carnivorous animal,DB
9A0DC967-05A5-4E53-BC53-901796E26AD8,DC8E9A3C-EA36-47DC-AF3A-0B726A94C198,ritsharma,2017-06-07T15:03:35.487,what is cat  dog,DB
A892E63A-095F-43C3-9EBF-1F7319483A99,1A6861AF-4DA8-4305-B6A5-BF5912C19AA4,ritsharma,2016-09-14T16:04:04.487,dogs being carnivorous animal,OOS
C4D5CEC0-D44D-466D-B5F6-9172602A9376,8A723913-7A58-475D-8105-2378C0BC3063,ritsharma,2016-02-19T21:54:00.487,is it possible dog love cat,DB
3A968D8D-BB69-4C81-B2C3-FB93073F2409,360FDC1B-9F8D-499C-BBDA-E6D378B21616,ritsharma,2017-01-21T04:06:57.487,Do cats come out of eggs?,DB
8A8AA734-A089-428B-94DA-1CE0B86B124B,65A8FC8E-9DB3-49A6-8CAA-E0766FBED91F,ritsharma,2017-07-23T21:50:23.487,dog eat green,DB
577F0FC5-1223-4A4E-92B2-BBADA392C97B,730DE395-4897-4DDE-8943-F1EA0D48E6AC,ritsharma,2017-07-07T18:09:21.487,what is cat,DB
3CC4865E-377C-41CD-8F3D-E1401B956FAD,8C81E249-F35F-476A-8BB8-90EC8C5E98D0,ritsharma,2017-05-14T13:09:50.487,what is dog,DB
B7A0DAD6-F38D-412C-8C6C-41F22E9100D5,E7B87FC2-5669-4C90-9A39-3056FAD9976C,ritsharma,2016-05-15T06:40:19.487,canj dog eat egg,DB
16F600DC-3402-4B74-90F8-D5812C932FC6,F0FDD4A8-DF54-45EC-ADF5-CADFF1942B55,ritsharma,2016-08-14T02:07:26.487,can I eat egg,DB
119496CD-B5E9-432F-BD1E-17A2B9B60C63,D257DD27-89A5-415F-A230-F709334B0D90,ritsharma,2017-03-31T17:54:57.487,what is catfish,OOS
61A631FF-99E7-4A75-8871-2D7A89569A48,90177437-166E-4A44-BA9D-1137C32A08CF,ritsharma,2016-02-17T23:26:10.487,what is catfish,OOS
7E410DDD-E6ED-4B76-B9FA-406D0FC68BCB,060E4F9F-8C4C-45C0-A2DC-5BAC5E15A717,ritsharma,2016-10-19T03:42:28.487,what is catfish,IS
50B2DDCD-A45E-4AA4-A488-7EDC7E1BB9E4,22407D25-465E-415D-B887-19A4DEA06C3F,ritsharma,2016-04-26T03:50:24.487,do dogs loves csta,DB
0DBF6310-31A5-4E21-89D2-9091C2E0F7AF,BF8C35F3-0086-4E62-BDD8-2526FC9AFCF6,ritsharma,2016-03-26T16:01:55.487,dogs being carnivorous animal,OOS
4590693B-A6D2-4465-AE16-E62CB7854B1C,B024F206-C8ED-4464-94EC-0CFCBA3F1AB1,ritsharma,2016-10-03T07:17:02.487,is it possible dog love cat,DB
4F426A38-E829-452F-91BB-11F800230FB3,D1F31004-44E9-4D61-90CD-D3274CD966A6,ritsharma,2016-01-21T09:19:26.487,Do cats come out of eggs?,DB
405F1BFF-0F29-4E1B-A14E-8C2B48A2C1B9,76866CAE-BD60-4BFE-BD47-3B1168017897,ritsharma,2016-02-18T09:36:00.487,dogs being carnivorous animal,IS
A9CAD683-45F6-49D8-830A-C054B4A7D535,A22BC9D6-34FE-49DE-9BEC-4488DBEDAB35,ritsharma,2016-10-05T14:27:36.487,what is cat and dogs being carnivorous animal,DB
76312953-A6E2-4FB7-8A66-2F53889E5A46,9C19C16D-43A6-42E0-9699-1DD3CFE7E39A,ritsharma,2017-06-17T21:53:59.487,what is cat  dog,DB
E8026684-6D26-44B9-8ED9-6B18A6F2BDA3,B6FCD5BF-98AA-4B2D-807B-D5DFB1C0E369,ritsharma,2016-05-03T23:08:53.487,dog eat green,DB
714056E7-1E07-43D9-A59E-228AE2FDDFEF,C7AAD265-F7EE-4C5A-AFD1-FAD97D2B3BB4,ritsharma,2017-08-03T04:40:47.487,dogs being carnivorous animal,IS
801DD3D6-CD1B-403A-B387-0777EB203A96,3FB88C0D-EFA4-46ED-A887-AF1D89C22D4A,ritsharma,2016-06-04T00:01:26.487,what is cat and dogs being carnivorous animal,DB
0EE7CB0C-71E1-4C89-9C60-093AFD84835F,17BCB0F8-6901-4156-8C67-6684A4D8E51F,ritsharma,2017-03-31T06:17:59.487,what is cat  dog,DB
75414B5B-03F7-4E50-B491-E0C343C752C3,FF36F90C-28A9-4515-BAE7-3FA97839B22A,ritsharma,2016-09-22T14:16:48.487,dog eat green,DB
B5C13983-44D9-4B68-8D1F-D93CCBC822FD,3A6B5B6E-12D1-4C59-860C-7D355F4294F3,ritsharma,2016-07-28T07:55:12.487,what is cat,DB
709C31D3-24FF-4B55-90AE-DEE80FD189AF,0E1A9776-150B-40F9-870D-7C4D73DA75D0,ritsharma,2016-11-07T13:47:59.487,what is dog,DB
5CA63AB7-4D32-4676-ADD9-1B8591B71732,70D879F7-C876-464D-9C0B-2DD82778D6AD,ritsharma,2017-01-28T23:25:26.487,canj dog eat egg,DB
09885F32-2E2E-40B2-8117-04D84491FF33,BE38F1BE-0BDB-4EF7-8ED7-20286A153AFA,ritsharma,2017-07-11T19:26:23.487,can I eat egg,DB
8FB6B5DC-FD70-4831-8BAB-117814E98B10,6B8E5350-B9E5-49CD-9670-EE12C2F832E9,ritsharma,2017-04-01T21:30:14.487,what is catfish,OOS
2FD4B418-487D-473A-A953-285518D5611F,80336A63-1DF0-46D1-9EDD-3411B065AE2E,ritsharma,2017-04-06T19:06:57.487,what is catfish,OOS
159714C0-12F4-4ABD-9301-04F842439216,4FC49421-9709-49DF-BC73-7F502C2A2419,ritsharma,2016-12-24T05:17:31.487,what is catfish,IS
18D158C0-A7B6-402B-B02E-73B215A1BE68,96087F6F-7DF2-4E20-AB9F-681DAEF6545E,ritsharma,2017-05-01T08:37:40.487,do dogs loves csta,DB
78CAC080-60A3-456A-8667-B7C9D4E80F0C,533BECCF-B8B6-4DF9-A777-1479B5828699,ritsharma,2017-03-15T06:58:18.487,dogs being carnivorous animal,OOS
C474E284-9CD0-49AD-BEFC-E59A1B6D7D40,D45A95ED-F724-4908-91B2-A1D7F05E3804,ritsharma,2017-07-06T00:02:52.487,is it possible dog love cat,DB
770B7634-9BB7-4723-B385-8DB41CB2CE2C,E9FC3E4C-E4FA-4343-BE2B-6500689959D4,ritsharma,2016-10-05T18:48:57.487,Do cats come out of eggs?,DB
E33C27F8-AECC-4806-8057-F743C1CA540F,FADA6C91-DDF3-4D11-8CF8-F7A860277A51,ritsharma,2017-02-26T14:13:11.487,what is cat,DB
D04201E5-5B7F-4A8F-90DA-74B583202F34,7B6FFFC0-47B1-4D26-AA3B-421E2CCFC8D8,ritsharma,2016-05-02T22:27:50.487,what is dog,DB
F0A9AC03-94C8-44E5-9687-AA668C43185D,3593DBAB-7A8C-4A76-A1CF-993A950D0C2F,ritsharma,2017-08-04T03:54:42.487,canj dog eat egg,DB
4FA37FD7-C8D1-4159-874A-3BDC98F01ED8,16A797C7-F8DF-49C7-81F2-7D0F532AB9DD,ritsharma,2016-03-10T16:42:14.487,can I eat egg,DB
2FDE8AFF-98B6-4302-A8CA-053995C5FF34,064A5196-9FC8-497E-A277-C70866012F5A,ritsharma,2016-08-27T03:45:21.487,what is catfish,OOS
CC592AB5-BAF4-4E22-B177-E2B77ACCF768,C8F1D3E0-F92F-4E81-BEA6-CF3DC2001E1A,ritsharma,2016-12-31T23:08:52.487,what is catfish,OOS
2BAC2125-A3F5-4A5D-B4BD-425CCDFCAC17,F5ED590E-5D1C-4B73-97E0-374B87A79D50,ritsharma,2017-08-10T05:06:42.487,what is catfish,IS
DBF0F7C4-7EEE-4409-9C3C-039506D24DE3,002BF090-A05E-41EA-BF26-F6A686382137,ritsharma,2016-02-19T08:49:55.487,do dogs loves csta,DB
9A382599-6D23-433B-B612-4A2411CDA510,9171CA25-4F03-455F-9A1D-D1BF288F08A0,ritsharma,2016-04-14T04:20:38.487,dogs being carnivorous animal,OOS
4A2C90CE-099D-4F7A-983B-B9884D16F227,8010CD5F-5FE2-407F-966C-40B81CA232C4,ritsharma,2016-06-28T20:47:45.487,is it possible dog love cat,DB
A9387478-8F43-46FC-AF5C-ACC9F083DA0E,7310D401-84C1-4F92-81B5-ECD8CAE42AB6,ritsharma,2017-07-28T16:32:52.487,Do cats come out of eggs?,DB
4F5A133E-258A-42B9-8C38-8EF6374BE2F7,470C8BCF-11BC-4DB8-BB02-8D75FBC9FEE0,ritsharma,2016-02-13T13:26:24.487,dogs being carnivorous animal,IS
A55CE132-B3EE-418F-AC28-2F90B544F909,036F300D-6438-4074-AE2E-A5FB08642598,ritsharma,2016-11-19T16:11:59.487,what is cat and dogs being carnivorous animal,DB
6C49D206-EAD3-4F36-88BD-2652B8FA18B3,74D1DB0C-A81A-49DE-A415-15851034992A,ritsharma,2016-04-05T08:21:07.487,what is cat  dog,DB
39B7A62A-06F7-47D0-9D1D-4DDC80345F2F,09212310-067C-4AC0-997C-9625721A96A6,ritsharma,2017-05-28T12:34:33.487,dog eat green,DB
25018DD3-3ACD-478D-B8E8-101AA8BE6800,28A6EACD-A65F-4474-B542-BF99F31277DE,ritsharma,2017-06-14T15:29:30.487,dogs being carnivorous animal,IS
E3A390B1-277D-4200-9D25-B57C9E578571,CE522385-1C48-4CBA-BD7D-6914FA41B770,ritsharma,2016-09-01T07:10:33.487,what is cat and dogs being carnivorous animal,DB
5A4E359B-FDCD-45C7-975B-029E920E7145,B1D9E122-A4EC-4D2D-9FE8-BA0D44D083F0,ritsharma,2017-02-22T21:38:52.487,what is cat  dog,DB
E044E13F-030B-424B-88ED-BE033B625972,8CEF0A2E-BCB3-4C49-A45D-DF35671EDE74,ritsharma,2016-09-01T17:20:24.487,dog eat green,DB
87886F71-F0F1-4AB7-8277-E9F036C63FFC,1BC48B05-028F-439F-B5D6-A01119967858,ritsharma,2017-05-18T20:15:21.487,what is cat,DB
4D8A3D1A-2334-40FD-BB30-EBE4DD20E8FF,4C11FD05-18C6-4DE2-A9B6-B76244A53A1A,ritsharma,2017-08-17T08:26:52.487,what is dog,DB
BA39AF7F-F911-4B30-8A92-3BA1D863208A,182AAAC9-EA4E-4006-9B3B-BAB7E2CE9B1B,ritsharma,2016-04-13T18:10:48.487,canj dog eat egg,DB
9FF1279C-E362-4B10-B4CF-848FBCA35E55,D13C2B08-0475-48DE-B74A-75956DBA051D,ritsharma,2017-05-30T15:23:45.487,can I eat egg,DB
3F5917CD-25DB-4973-9C9E-BC5CA3AEAC9A,DD61D857-DD74-46E8-A713-7EC2D7A78494,ritsharma,2016-11-05T08:04:33.487,what is catfish,OOS
75066644-4989-4B9A-8B19-9DEFF9F07441,1490E4C4-7AE0-4954-8246-FA8397B8A6B3,ritsharma,2016-06-17T16:10:33.487,what is catfish,OOS
BC67A215-E2E1-4804-AEE6-0496DC0A952E,FB0F76E7-5E04-4817-AF94-5BEA57EB4E5E,ritsharma,2016-12-16T04:10:33.487,what is catfish,IS
60FC3DF9-F5CF-4AD2-9FE8-926D62949D6C,499AE483-BCD5-4416-BB30-9666854E00BD,ritsharma,2017-07-21T03:02:52.487,do dogs loves csta,DB
6B5F3136-C176-40F9-9297-EE7D7D655E6A,D71F1728-0D58-4E2B-87A6-4D3DD9C33C55,ritsharma,2017-05-02T16:34:18.487,dogs being carnivorous animal,OOS
28529235-0EC0-4317-A67F-56B50FECD198,4B800FD6-25CA-4359-9B2A-5015FB8B5977,ritsharma,2017-03-17T01:04:47.487,is it possible dog love cat,DB
91B7302B-426F-4FA6-8C2F-6F5BBF8F4DA7,8BFD89DD-A755-4924-A40B-A8C8D3FA3290,ritsharma,2016-10-18T14:38:24.487,Do cats come out of eggs?,DB
D2BFEA8C-F196-4FA5-913B-A0F2586A6F6B,F4CEB9CC-BF98-4701-B580-218A60A4B55B,ritsharma,2016-09-07T18:32:24.487,dogs being carnivorous animal,IS
E4FB30D3-3197-426D-9267-BDCD197B6617,CF7F2BAE-B706-45D8-AEC2-F66E0AC79709,ritsharma,2016-02-15T03:11:31.487,what is cat and dogs being carnivorous animal,DB
2B020DC8-A868-4D2D-AED8-FDE4E2AA603A,75917930-8DEF-486A-89B9-A0B896FA5EAF,ritsharma,2016-10-25T15:04:19.487,what is cat  dog,DB
B13AF64D-3F5A-459D-B45C-E011F6B0B84F,E396806C-C53A-4361-B8DA-7F9D46D6EE6A,ritsharma,2017-02-06T16:30:43.487,dog eat green,DB
8F343F1B-F126-4C70-8616-65A5B1692242,ED58C564-5BF1-419F-ABDD-DE9ED83B29FC,ritsharma,2017-01-26T22:03:21.487,dogs being carnivorous animal,IS
84EC2FE9-CE2B-4E20-9146-630373D6ABF4,6DFD00C8-85A5-4600-843B-3F9699C92236,ritsharma,2017-04-07T02:22:33.487,what is cat and dogs being carnivorous animal,DB
57ABAF15-D74D-46E9-A518-31A3D4225633,CBF0CC4A-693C-4EF2-9459-6878CE11E437,ritsharma,2016-07-08T07:18:28.487,what is cat  dog,DB
B86A26C3-28B2-4F28-906D-B912FEBFBEF0,73F39704-2AEC-4288-AC1F-4CBFAD0FE560,ritsharma,2017-06-04T15:54:42.487,dog eat green,DB
DCE87B1C-8911-434F-B26E-A10813FAD4C1,67CD0B38-2910-4C31-A2A9-5C3D3FA55BEC,ritsharma,2016-06-05T05:03:50.487,what is cat,DB
83F62067-7518-4E85-8E22-A23638A9FFA5,87F059A9-463F-4904-AEF3-AB1C2FCD6CBD,ritsharma,2016-09-07T09:49:40.487,what is dog,DB
A723A201-CD00-4AE2-B000-A890B26F4527,BF404C59-C6AA-4B35-848E-B536C192CF78,ritsharma,2016-02-24T18:03:36.487,canj dog eat egg,DB
69C980AE-06DB-4922-B23E-C32174772C58,A294F1D0-B926-45A3-A2AF-9A7A85EA822A,ritsharma,2017-05-30T05:13:54.487,can I eat egg,DB
390BACCC-E842-4565-8A58-85C1A3812377,5D8473FB-BFD1-4373-B347-822BECB1C147,ritsharma,2016-07-03T03:53:16.487,what is catfish,OOS
A2E8ECDA-F97E-41A8-BE9B-4F5DF4933C7C,E88C6D47-AA32-4B66-A87E-92F3DB2B6A32,ritsharma,2016-06-18T06:41:45.487,what is catfish,OOS
EEF472A9-9108-45FD-BBC8-8FCA53DA9D0F,15BD9903-E8CC-40C0-9092-F01F62B8FC1D,ritsharma,2017-03-11T20:12:28.487,what is cat,DB
E7CB4395-992F-4483-992C-521674B628FA,9A1BC885-1020-4070-8FE6-C6851001C79B,ritsharma,2017-02-11T02:30:28.487,what is dog,DB
498DE8C5-C0C1-40A3-B1DC-94CC7FFEE913,36E3EE9C-285F-4B3D-B577-5CCDDC6B4410,ritsharma,2017-06-30T20:37:40.487,canj dog eat egg,DB
E54BBE58-B7D3-45CC-8A68-EF7364462DA3,89FC38BE-4E89-422B-8880-6387CEBF23B5,ritsharma,2016-07-27T08:41:16.487,can I eat egg,DB
CAD5082E-1BDC-4482-ACB9-6B88BD3BD101,789188AD-2351-4E1F-8740-2C5D6F59F425,ritsharma,2016-11-06T18:55:26.487,what is catfish,OOS
92C1C9E7-89D5-415E-ADF8-AE7A0A6AF899,485EDD90-666B-4671-9C19-EDBB5FB9D24A,ritsharma,2016-09-18T01:22:48.487,what is catfish,OOS
A6B8E62A-F066-4E65-9283-2B5753F37CFD,D0D0FFB8-DA27-4CA4-B8DE-2C73E940BA75,ritsharma,2017-04-22T05:22:33.487,what is catfish,IS
47C764C4-A4A2-4D87-A52E-AA876E661C37,B5D25B8F-6710-4075-BD2C-B375AD5A8968,ritsharma,2017-02-26T08:24:43.487,do dogs loves csta,DB
E6F69A4A-C621-459E-B070-33FF6E4E15E3,0E5AE5DE-C121-4F6D-B2DF-A7F3C6F3D7CA,ritsharma,2016-07-23T03:02:52.487,what is catfish,IS
0C5532DC-EF50-4877-A402-81C70379FD9F,2D1E40A2-272B-4F85-98D0-ECA0D3C9ED18,ritsharma,2017-04-24T06:44:38.487,do dogs loves csta,DB
48F360AC-9E05-4BC5-BBC2-F9B39001E0DE,1BC03CE7-6883-419F-BE8A-5B56EC7CC8C4,ritsharma,2017-01-01T20:55:40.487,dogs being carnivorous animal,OOS
3965AECB-845C-4471-9937-1BADBE930B1E,7D4C7260-AF97-479B-910D-DA0F09AF50A1,ritsharma,2017-08-01T13:28:33.487,is it possible dog love cat,DB
0626C4F0-0027-4F76-8AB7-4CC381D776FC,1E973FA8-F890-4F13-A5CD-2E373088FFCC,ritsharma,2016-09-16T17:26:09.487,Do cats come out of eggs?,DB
10779B95-F7E0-4F93-8E2E-DF72A1FD465A,CDBDB0D8-ABB0-4C22-939C-A1950E2C9B49,ritsharma,2017-05-02T07:51:35.487,what is cat,DB
B76771E2-D934-4B6A-9D36-49B6973B0BD9,81D0F428-94DA-4D80-A0E7-0150C715B98C,ritsharma,2016-09-19T03:30:57.487,what is dog,DB
ED5B1D60-0431-4010-B520-52AB54CD782B,3F4699FE-006E-4143-8BB7-E1151BBD90B8,ritsharma,2016-09-14T18:58:19.487,canj dog eat egg,DB
E9E10AF3-D2B0-4616-8DF5-C25442A33BD6,98DB6B2F-E38F-4B96-A88E-3349041D4CA0,ritsharma,2016-06-06T18:48:57.487,can I eat egg,DB
8F5CE649-953A-432C-B4EF-01F460DF0742,5E0EB5D8-51EB-4171-B55B-50520CD1BDB4,ritsharma,2017-05-02T19:28:33.487,what is catfish,OOS
041FE934-72C7-486E-BE16-F56E3FB6EC07,2EFE3E03-C8B8-4C88-A756-D68842BE9604,ritsharma,2016-10-23T12:15:07.487,what is catfish,OOS
180A6BA1-3C02-4D49-A29C-ACFFCA88807F,8D0C25F0-750F-406B-807D-7312B8039353,ritsharma,2016-06-10T08:29:02.487,what is catfish,IS
696FE54E-F37C-4E23-9589-7D9C4CFA3958,B90CA73C-271C-4E09-A8AA-03FB05957F26,ritsharma,2016-05-22T10:00:29.487,do dogs loves csta,DB
961132A0-E8E2-48BF-A204-EA583DA9067B,47860614-48F2-4AC9-BD7F-165521E2D27A,ritsharma,2017-02-24T20:06:43.487,dogs being carnivorous animal,OOS
D1CDE692-2AAD-4038-B528-DAC8375CC434,8FF1DA1F-F443-4B93-B0E5-336CB9432F3E,ritsharma,2016-09-11T22:43:40.487,is it possible dog love cat,DB
0415E277-8F69-432A-BBCC-E92FAEB89C6A,551889B8-A6E3-44B5-A44F-923EB6256721,ritsharma,2017-06-12T15:34:33.487,Do cats come out of eggs?,DB
D78015AC-5967-4754-9390-F78EE70E4CE3,239F0AB4-9393-40B3-B7CC-06850BB5E085,ritsharma,2017-01-23T08:23:16.487,what is cat,DB
6E9F6B29-DA31-4A6A-994D-BE1584074E6B,29583624-227D-41DE-8C80-339159DA0637,ritsharma,2017-01-28T11:48:28.487,what is dog,DB
9D293A72-3004-44CD-95A9-ED5027FD86BB,184C8668-5567-4DFD-B12A-61742F4E7CE3,ritsharma,2016-09-03T12:54:00.487,canj dog eat egg,DB
1FB5B029-305F-4EDC-B47D-4FB719364BAC,CBD91DDE-E91F-4C68-AA63-F44BFCAF193F,ritsharma,2016-06-01T21:12:14.487,can I eat egg,DB
43D85D8F-3D1A-4981-94C7-3D276DF6F4B2,257AD645-0A37-449C-A58B-1908459EBCD6,ritsharma,2017-02-24T02:41:16.487,what is catfish,OOS
18428C78-4D50-451C-9850-02AC35152AEC,5D939F14-9ADE-4EF6-882C-A5B83BF742CD,ritsharma,2016-04-23T04:41:31.487,what is catfish,OOS
A2B6334E-D35D-4718-B98F-28421EEBC047,300E0A9D-548A-42FA-BBB8-1077316F8711,ritsharma,2017-03-06T16:47:16.487,what is catfish,IS
A011141A-138A-4597-865A-A8CF602234C6,B5EFBD3E-366F-4340-860D-E47EC5B848CA,ritsharma,2016-10-04T13:46:33.487,do dogs loves csta,DB
F3DD4ECA-E908-4C96-9B7E-52A79477CCAA,54B76446-2E88-48AD-8F61-E184DD2DF43E,ritsharma,2016-09-06T00:25:55.487,dogs being carnivorous animal,OOS
50F77BC0-3DB8-43A3-8098-3AD8A8E473FA,BCEF880B-1B09-4F68-A4D7-FF91F5D12D69,ritsharma,2016-05-17T08:02:24.487,is it possible dog love cat,DB
9D9C0C2A-1E41-41B3-9207-8AB147669F93,D76FE681-DAAC-422B-98C4-43136B922022,ritsharma,2017-07-29T21:35:16.487,Do cats come out of eggs?,DB
4AA4C29B-4879-406C-8363-1C864FF6F467,3A4CDC2F-0C52-4712-A82E-DE0D9A25F201,ritsharma,2017-01-13T13:09:50.487,dogs being carnivorous animal,OOS
20FA5D16-4647-4DED-875E-67B776C64E51,654D2D8E-6094-4112-9973-01CB9DD134F2,ritsharma,2016-03-01T04:44:24.487,is it possible dog love cat,DB
C2D2FFF0-3241-4E7F-A790-C02CC0A169C0,826B9951-DEF8-437D-A0B4-FFA10625DB84,ritsharma,2016-10-22T17:22:33.487,Do cats come out of eggs?,DB
